symbol,date,days_out,inflation_cumulative_pct,unlock_cumulative_pct,total_cumulative_pct,buyback_cumulative_pct,net_cumulative_pct,inflation_cumulative_tokens,unlock_cumulative_tokens,total_cumulative_tokens
LINK,2026-04-17,0,0.0,0.0,0.0,0.0,0.0,0.0,0.0,0.0
LINK,2026-04-18,1,0.0,0.0,0.0,0.0,0.0,0.0,0.0,0.0
LINK,2026-04-19,2,0.0,0.0,0.0,0.0,0.0,0.0,0.0,0.0
LINK,2026-04-20,3,0.0,0.0,0.0,0.0,0.0,0.0,0.0,0.0
LINK,2026-04-21,4,0.0,0.0,0.0,0.0,0.0,0.0,0.0,0.0
LINK,2026-04-22,5,0.0,0.0,0.0,0.0,0.0,0.0,0.0,0.0
LINK,2026-04-23,6,0.0,0.0,0.0,0.0,0.0,0.0,0.0,0.0
LINK,2026-04-24,7,0.0,0.0,0.0,0.00017652776441400754,-0.00017652776441400754,0.0,0.0,0.0
LINK,2026-04-25,8,0.0,0.0,0.0,0.00017652776441400754,-0.00017652776441400754,0.0,0.0,0.0
LINK,2026-04-26,9,0.0,0.0,0.0,0.00017652776441400754,-0.00017652776441400754,0.0,0.0,0.0
LINK,2026-04-27,10,0.0,0.0,0.0,0.00017652776441400754,-0.00017652776441400754,0.0,0.0,0.0
LINK,2026-04-28,11,0.0,0.0,0.0,0.00017652776441400754,-0.00017652776441400754,0.0,0.0,0.0
LINK,2026-04-29,12,0.0,0.0,0.0,0.00017652776441400754,-0.00017652776441400754,0.0,0.0,0.0
LINK,2026-04-30,13,0.0,0.0,0.0,0.00017652776441400754,-0.00017652776441400754,0.0,0.0,0.0
LINK,2026-05-01,14,0.0,0.0,0.0,0.0003530555288280151,-0.0003530555288280151,0.0,0.0,0.0
LINK,2026-05-02,15,0.0,0.0,0.0,0.0003530555288280151,-0.0003530555288280151,0.0,0.0,0.0
LINK,2026-05-03,16,0.0,0.0,0.0,0.0003530555288280151,-0.0003530555288280151,0.0,0.0,0.0
LINK,2026-05-04,17,0.0,0.0,0.0,0.0003530555288280151,-0.0003530555288280151,0.0,0.0,0.0
LINK,2026-05-05,18,0.0,0.0,0.0,0.0003530555288280151,-0.0003530555288280151,0.0,0.0,0.0
LINK,2026-05-06,19,0.0,0.0,0.0,0.0003530555288280151,-0.0003530555288280151,0.0,0.0,0.0
LINK,2026-05-07,20,0.0,0.0,0.0,0.0003530555288280151,-0.0003530555288280151,0.0,0.0,0.0
LINK,2026-05-08,21,0.0,0.0,0.0,0.0005295832932420226,-0.0005295832932420226,0.0,0.0,0.0
LINK,2026-05-09,22,0.0,0.0,0.0,0.0005295832932420226,-0.0005295832932420226,0.0,0.0,0.0
LINK,2026-05-10,23,0.0,0.0,0.0,0.0005295832932420226,-0.0005295832932420226,0.0,0.0,0.0
LINK,2026-05-11,24,0.0,0.0,0.0,0.0005295832932420226,-0.0005295832932420226,0.0,0.0,0.0
LINK,2026-05-12,25,0.0,0.0,0.0,0.0005295832932420226,-0.0005295832932420226,0.0,0.0,0.0
LINK,2026-05-13,26,0.0,0.0,0.0,0.0005295832932420226,-0.0005295832932420226,0.0,0.0,0.0
LINK,2026-05-14,27,0.0,0.0,0.0,0.0005295832932420226,-0.0005295832932420226,0.0,0.0,0.0
LINK,2026-05-15,28,0.0,0.0,0.0,0.0007061110576560302,-0.0007061110576560302,0.0,0.0,0.0
LINK,2026-05-16,29,0.0,0.0,0.0,0.0007061110576560302,-0.0007061110576560302,0.0,0.0,0.0
LINK,2026-05-17,30,0.0,0.0,0.0,0.0007061110576560302,-0.0007061110576560302,0.0,0.0,0.0
LINK,2026-05-18,31,0.0,0.0,0.0,0.0007061110576560302,-0.0007061110576560302,0.0,0.0,0.0
LINK,2026-05-19,32,0.0,0.0,0.0,0.0007061110576560302,-0.0007061110576560302,0.0,0.0,0.0
LINK,2026-05-20,33,0.0,0.0,0.0,0.0007061110576560302,-0.0007061110576560302,0.0,0.0,0.0
LINK,2026-05-21,34,0.0,0.0,0.0,0.0007061110576560302,-0.0007061110576560302,0.0,0.0,0.0
LINK,2026-05-22,35,0.0,0.0,0.0,0.0008826388220700377,-0.0008826388220700377,0.0,0.0,0.0
LINK,2026-05-23,36,0.0,0.0,0.0,0.0008826388220700377,-0.0008826388220700377,0.0,0.0,0.0
LINK,2026-05-24,37,0.0,0.0,0.0,0.0008826388220700377,-0.0008826388220700377,0.0,0.0,0.0
LINK,2026-05-25,38,0.0,0.0,0.0,0.0008826388220700377,-0.0008826388220700377,0.0,0.0,0.0
LINK,2026-05-26,39,0.0,0.0,0.0,0.0008826388220700377,-0.0008826388220700377,0.0,0.0,0.0
LINK,2026-05-27,40,0.0,0.0,0.0,0.0008826388220700377,-0.0008826388220700377,0.0,0.0,0.0
LINK,2026-05-28,41,0.0,0.0,0.0,0.0008826388220700377,-0.0008826388220700377,0.0,0.0,0.0
LINK,2026-05-29,42,0.0,0.0,0.0,0.0010591665864840452,-0.0010591665864840452,0.0,0.0,0.0
LINK,2026-05-30,43,0.0,0.0,0.0,0.0010591665864840452,-0.0010591665864840452,0.0,0.0,0.0
LINK,2026-05-31,44,0.0,0.0,0.0,0.0010591665864840452,-0.0010591665864840452,0.0,0.0,0.0
LINK,2026-06-01,45,0.0,0.0,0.0,0.0010591665864840452,-0.0010591665864840452,0.0,0.0,0.0
LINK,2026-06-02,46,0.0,0.0,0.0,0.0010591665864840452,-0.0010591665864840452,0.0,0.0,0.0
LINK,2026-06-03,47,0.0,0.0,0.0,0.0010591665864840452,-0.0010591665864840452,0.0,0.0,0.0
LINK,2026-06-04,48,0.0,0.0,0.0,0.0010591665864840452,-0.0010591665864840452,0.0,0.0,0.0
LINK,2026-06-05,49,0.0,0.0,0.0,0.0012356943508980527,-0.0012356943508980527,0.0,0.0,0.0
LINK,2026-06-06,50,0.0,0.0,0.0,0.0012356943508980527,-0.0012356943508980527,0.0,0.0,0.0
LINK,2026-06-07,51,0.0,0.0,0.0,0.0012356943508980527,-0.0012356943508980527,0.0,0.0,0.0
LINK,2026-06-08,52,0.0,0.0,0.0,0.0012356943508980527,-0.0012356943508980527,0.0,0.0,0.0
LINK,2026-06-09,53,0.0,0.0,0.0,0.0012356943508980527,-0.0012356943508980527,0.0,0.0,0.0
LINK,2026-06-10,54,0.0,0.0,0.0,0.0012356943508980527,-0.0012356943508980527,0.0,0.0,0.0
LINK,2026-06-11,55,0.0,0.0,0.0,0.0012356943508980527,-0.0012356943508980527,0.0,0.0,0.0
LINK,2026-06-12,56,0.0,0.0,0.0,0.0014122221153120601,-0.0014122221153120601,0.0,0.0,0.0
LINK,2026-06-13,57,0.0,0.0,0.0,0.0014122221153120601,-0.0014122221153120601,0.0,0.0,0.0
LINK,2026-06-14,58,0.0,0.0,0.0,0.0014122221153120601,-0.0014122221153120601,0.0,0.0,0.0
LINK,2026-06-15,59,0.0,0.0,0.0,0.0014122221153120601,-0.0014122221153120601,0.0,0.0,0.0
LINK,2026-06-16,60,0.0,0.0,0.0,0.0014122221153120601,-0.0014122221153120601,0.0,0.0,0.0
LINK,2026-06-17,61,0.0,0.0,0.0,0.0014122221153120601,-0.0014122221153120601,0.0,0.0,0.0
LINK,2026-06-18,62,0.0,0.0,0.0,0.0014122221153120601,-0.0014122221153120601,0.0,0.0,0.0
LINK,2026-06-19,63,0.0,0.0,0.0,0.0015887498797260676,-0.0015887498797260676,0.0,0.0,0.0
LINK,2026-06-20,64,0.0,0.0,0.0,0.0015887498797260676,-0.0015887498797260676,0.0,0.0,0.0
LINK,2026-06-21,65,0.0,0.0,0.0,0.0015887498797260676,-0.0015887498797260676,0.0,0.0,0.0
LINK,2026-06-22,66,0.0,0.0,0.0,0.0015887498797260676,-0.0015887498797260676,0.0,0.0,0.0
LINK,2026-06-23,67,0.0,0.0,0.0,0.0015887498797260676,-0.0015887498797260676,0.0,0.0,0.0
LINK,2026-06-24,68,0.0,0.0,0.0,0.0015887498797260676,-0.0015887498797260676,0.0,0.0,0.0
LINK,2026-06-25,69,0.0,0.0,0.0,0.0015887498797260676,-0.0015887498797260676,0.0,0.0,0.0
LINK,2026-06-26,70,0.0,0.0,0.0,0.001765277644140075,-0.001765277644140075,0.0,0.0,0.0
LINK,2026-06-27,71,0.0,0.0,0.0,0.001765277644140075,-0.001765277644140075,0.0,0.0,0.0
LINK,2026-06-28,72,0.0,0.0,0.0,0.001765277644140075,-0.001765277644140075,0.0,0.0,0.0
LINK,2026-06-29,73,0.0,0.0,0.0,0.001765277644140075,-0.001765277644140075,0.0,0.0,0.0
LINK,2026-06-30,74,0.0,0.0,0.0,0.001765277644140075,-0.001765277644140075,0.0,0.0,0.0
LINK,2026-07-01,75,0.0,0.0,0.0,0.001765277644140075,-0.001765277644140075,0.0,0.0,0.0
LINK,2026-07-02,76,0.0,0.0,0.0,0.001765277644140075,-0.001765277644140075,0.0,0.0,0.0
LINK,2026-07-03,77,0.0,0.0,0.0,0.0019418054085540825,-0.0019418054085540825,0.0,0.0,0.0
LINK,2026-07-04,78,0.0,0.0,0.0,0.0019418054085540825,-0.0019418054085540825,0.0,0.0,0.0
LINK,2026-07-05,79,0.0,0.0,0.0,0.0019418054085540825,-0.0019418054085540825,0.0,0.0,0.0
LINK,2026-07-06,80,0.0,0.0,0.0,0.0019418054085540825,-0.0019418054085540825,0.0,0.0,0.0
LINK,2026-07-07,81,0.0,0.0,0.0,0.0019418054085540825,-0.0019418054085540825,0.0,0.0,0.0
LINK,2026-07-08,82,0.0,0.0,0.0,0.0019418054085540825,-0.0019418054085540825,0.0,0.0,0.0
LINK,2026-07-09,83,0.0,0.0,0.0,0.0019418054085540825,-0.0019418054085540825,0.0,0.0,0.0
LINK,2026-07-10,84,0.0,0.0,0.0,0.00211833317296809,-0.00211833317296809,0.0,0.0,0.0
LINK,2026-07-11,85,0.0,0.0,0.0,0.00211833317296809,-0.00211833317296809,0.0,0.0,0.0
LINK,2026-07-12,86,0.0,0.0,0.0,0.00211833317296809,-0.00211833317296809,0.0,0.0,0.0
LINK,2026-07-13,87,0.0,0.0,0.0,0.00211833317296809,-0.00211833317296809,0.0,0.0,0.0
LINK,2026-07-14,88,0.0,0.0,0.0,0.00211833317296809,-0.00211833317296809,0.0,0.0,0.0
LINK,2026-07-15,89,0.0,0.02062990043950643,0.02062990043950643,0.00211833317296809,0.01851156726653834,0.0,15000000.0,15000000.0
LINK,2026-07-16,90,0.0,0.02062990043950643,0.02062990043950643,0.00211833317296809,0.01851156726653834,0.0,15000000.0,15000000.0
ETH,2026-04-17,0,0.0,0.0,0.0,0.0,0.0,0.0,0.0,0.0
ETH,2026-04-18,1,2.3190754579977322e-05,0.0,2.3190754579977322e-05,3.921119047882209e-07,2.2798642675189102e-05,2798.9137770717984,0.0,2798.9137770717984
ETH,2026-04-19,2,4.6381509159954645e-05,0.0,4.6381509159954645e-05,7.842238095764418e-07,4.5597285350378205e-05,5597.827554143597,0.0,5597.827554143597
ETH,2026-04-20,3,6.957226373993197e-05,0.0,6.957226373993197e-05,1.1763357143646627e-06,6.839592802556731e-05,8396.741331215395,0.0,8396.741331215395
ETH,2026-04-21,4,9.276301831990929e-05,0.0,9.276301831990929e-05,1.5684476191528837e-06,9.119457070075641e-05,11195.655108287194,0.0,11195.655108287194
ETH,2026-04-22,5,0.00011595377289988661,0.0,0.00011595377289988661,1.9605595239411046e-06,0.0001139932133759455,13994.56888535899,0.0,13994.56888535899
ETH,2026-04-23,6,0.00013914452747986394,0.0,0.00013914452747986394,2.3526714287293255e-06,0.00013679185605113461,16793.48266243079,0.0,16793.48266243079
ETH,2026-04-24,7,0.00016233528205984125,0.0,0.00016233528205984125,2.7447833335175464e-06,0.0001595904987263237,19592.396439502587,0.0,19592.396439502587
ETH,2026-04-25,8,0.00018552603663981858,0.0,0.00018552603663981858,3.1368952383057673e-06,0.00018238914140151282,22391.310216574388,0.0,22391.310216574388
ETH,2026-04-26,9,0.0002087167912197959,0.0,0.0002087167912197959,3.5290071430939882e-06,0.00020518778407670193,25190.22399364619,0.0,25190.22399364619
ETH,2026-04-27,10,0.00023190754579977322,0.0,0.00023190754579977322,3.921119047882209e-06,0.000227986426751891,27989.13777071798,0.0,27989.13777071798
ETH,2026-04-28,11,0.0002550983003797505,0.0,0.0002550983003797505,4.31323095267043e-06,0.0002507850694270801,30788.05154778978,0.0,30788.05154778978
ETH,2026-04-29,12,0.0002782890549597279,0.0,0.0002782890549597279,4.705342857458651e-06,0.00027358371210226923,33586.96532486158,0.0,33586.96532486158
ETH,2026-04-30,13,0.0003014798095397052,0.0,0.0003014798095397052,5.097454762246872e-06,0.0002963823547774583,36385.87910193338,0.0,36385.87910193338
ETH,2026-05-01,14,0.0003246705641196825,0.0,0.0003246705641196825,5.489566667035093e-06,0.0003191809974526474,39184.792879005174,0.0,39184.792879005174
ETH,2026-05-02,15,0.00034786131869965985,0.0,0.00034786131869965985,5.881678571823314e-06,0.00034197964012783655,41983.70665607698,0.0,41983.70665607698
ETH,2026-05-03,16,0.00037105207327963716,0.0,0.00037105207327963716,6.273790476611535e-06,0.00036477828280302564,44782.620433148775,0.0,44782.620433148775
ETH,2026-05-04,17,0.00039424282785961446,0.0,0.00039424282785961446,6.6659023813997556e-06,0.0003875769254782147,47581.53421022057,0.0,47581.53421022057
ETH,2026-05-05,18,0.0004174335824395918,0.0,0.0004174335824395918,7.0580142861879765e-06,0.00041037556815340387,50380.44798729238,0.0,50380.44798729238
ETH,2026-05-06,19,0.00044062433701956913,0.0,0.00044062433701956913,7.450126190976197e-06,0.00043317421082859296,53179.36176436417,0.0,53179.36176436417
ETH,2026-05-07,20,0.00046381509159954643,0.0,0.00046381509159954643,7.842238095764418e-06,0.000455972853503782,55978.27554143596,0.0,55978.27554143596
ETH,2026-05-08,21,0.0004870058461795238,0.0,0.0004870058461795238,8.234350000552638e-06,0.00047877149617897113,58777.18931850777,0.0,58777.18931850777
ETH,2026-05-09,22,0.000510196600759501,0.0,0.000510196600759501,8.626461905340858e-06,0.0005015701388541602,61576.10309557956,0.0,61576.10309557956
ETH,2026-05-10,23,0.0005333873553394784,0.0,0.0005333873553394784,9.018573810129079e-06,0.0005243687815293494,64375.016872651366,0.0,64375.016872651366
ETH,2026-05-11,24,0.0005565781099194558,0.0,0.0005565781099194558,9.410685714917299e-06,0.0005471674242045385,67173.93064972316,0.0,67173.93064972316
ETH,2026-05-12,25,0.000579768864499433,0.0,0.000579768864499433,9.802797619705519e-06,0.0005699660668797275,69972.84442679495,0.0,69972.84442679495
ETH,2026-05-13,26,0.0006029596190794104,0.0,0.0006029596190794104,1.0194909524493739e-05,0.0005927647095549166,72771.75820386676,0.0,72771.75820386676
ETH,2026-05-14,27,0.0006261503736593877,0.0,0.0006261503736593877,1.0587021429281959e-05,0.0006155633522301057,75570.67198093855,0.0,75570.67198093855
ETH,2026-05-15,28,0.000649341128239365,0.0,0.000649341128239365,1.0979133334070179e-05,0.0006383619949052948,78369.58575801035,0.0,78369.58575801035
ETH,2026-05-16,29,0.0006725318828193423,0.0,0.0006725318828193423,1.1371245238858399e-05,0.0006611606375804839,81168.49953508216,0.0,81168.49953508216
ETH,2026-05-17,30,0.0006957226373993197,0.0,0.0006957226373993197,1.1763357143646619e-05,0.0006839592802556731,83967.41331215396,0.0,83967.41331215396
ETH,2026-05-18,31,0.000718913391979297,0.0,0.000718913391979297,1.2155469048434839e-05,0.0007067579229308621,86766.32708922574,0.0,86766.32708922574
ETH,2026-05-19,32,0.0007421041465592743,0.0,0.0007421041465592743,1.2547580953223059e-05,0.0007295565656060513,89565.24086629755,0.0,89565.24086629755
ETH,2026-05-20,33,0.0007652949011392517,0.0,0.0007652949011392517,1.293969285801128e-05,0.0007523552082812404,92364.15464336936,0.0,92364.15464336936
ETH,2026-05-21,34,0.0007884856557192289,0.0,0.0007884856557192289,1.33318047627995e-05,0.0007751538509564294,95163.06842044114,0.0,95163.06842044114
ETH,2026-05-22,35,0.0008116764102992063,0.0,0.0008116764102992063,1.372391666758772e-05,0.0007979524936316185,97961.98219751295,0.0,97961.98219751295
ETH,2026-05-23,36,0.0008348671648791836,0.0,0.0008348671648791836,1.411602857237594e-05,0.0008207511363068077,100760.89597458475,0.0,100760.89597458475
ETH,2026-05-24,37,0.0008580579194591609,0.0,0.0008580579194591609,1.450814047716416e-05,0.0008435497789819967,103559.80975165653,0.0,103559.80975165653
ETH,2026-05-25,38,0.0008812486740391383,0.0,0.0008812486740391383,1.490025238195238e-05,0.0008663484216571859,106358.72352872834,0.0,106358.72352872834
ETH,2026-05-26,39,0.0009044394286191156,0.0,0.0009044394286191156,1.52923642867406e-05,0.000889147064332375,109157.63730580015,0.0,109157.63730580015
ETH,2026-05-27,40,0.0009276301831990929,0.0,0.0009276301831990929,1.568447619152882e-05,0.0009119457070075641,111956.55108287193,0.0,111956.55108287193
ETH,2026-05-28,41,0.0009508209377790702,0.0,0.0009508209377790702,1.607658809631704e-05,0.0009347443496827532,114755.46485994374,0.0,114755.46485994374
ETH,2026-05-29,42,0.0009740116923590476,0.0,0.0009740116923590476,1.646870000110526e-05,0.0009575429923579424,117554.37863701554,0.0,117554.37863701554
ETH,2026-05-30,43,0.0009972024469390248,0.0,0.0009972024469390248,1.686081190589348e-05,0.0009803416350331314,120353.29241408732,0.0,120353.29241408732
ETH,2026-05-31,44,0.001020393201519002,0.0,0.001020393201519002,1.72529238106817e-05,0.0010031402777083203,123152.20619115912,0.0,123152.20619115912
ETH,2026-06-01,45,0.0010435839560989796,0.0,0.0010435839560989796,1.764503571546992e-05,0.0010259389203835095,125951.11996823094,0.0,125951.11996823094
ETH,2026-06-02,46,0.0010667747106789568,0.0,0.0010667747106789568,1.803714762025814e-05,0.0010487375630586987,128750.03374530273,0.0,128750.03374530273
ETH,2026-06-03,47,0.001089965465258934,0.0,0.001089965465258934,1.842925952504636e-05,0.0010715362057338877,131548.9475223745,0.0,131548.9475223745
ETH,2026-06-04,48,0.0011131562198389115,0.0,0.0011131562198389115,1.882137142983458e-05,0.001094334848409077,134347.86129944632,0.0,134347.86129944632
ETH,2026-06-05,49,0.0011363469744188888,0.0,0.0011363469744188888,1.92134833346228e-05,0.0011171334910842659,137146.77507651813,0.0,137146.77507651813
ETH,2026-06-06,50,0.001159537728998866,0.0,0.001159537728998866,1.960559523941102e-05,0.001139932133759455,139945.6888535899,0.0,139945.6888535899
ETH,2026-06-07,51,0.0011827284835788435,0.0,0.0011827284835788435,1.999770714419924e-05,0.0011627307764346443,142744.6026306617,0.0,142744.6026306617
ETH,2026-06-08,52,0.0012059192381588207,0.0,0.0012059192381588207,2.038981904898746e-05,0.0011855294191098333,145543.51640773352,0.0,145543.51640773352
ETH,2026-06-09,53,0.001229109992738798,0.0,0.001229109992738798,2.078193095377568e-05,0.0012083280617850222,148342.4301848053,0.0,148342.4301848053
ETH,2026-06-10,54,0.0012523007473187755,0.0,0.0012523007473187755,2.11740428585639e-05,0.0012311267044602117,151141.3439618771,0.0,151141.3439618771
ETH,2026-06-11,55,0.0012754915018987527,0.0,0.0012754915018987527,2.156615476335212e-05,0.0012539253471354006,153940.25773894892,0.0,153940.25773894892
ETH,2026-06-12,56,0.00129868225647873,0.0,0.00129868225647873,2.195826666814034e-05,0.0012767239898105896,156739.1715160207,0.0,156739.1715160207
ETH,2026-06-13,57,0.0013218730110587074,0.0,0.0013218730110587074,2.235037857292856e-05,0.0012995226324857788,159538.08529309253,0.0,159538.08529309253
ETH,2026-06-14,58,0.0013450637656386847,0.0,0.0013450637656386847,2.274249047771678e-05,0.001322321275160968,162336.9990701643,0.0,162336.9990701643
ETH,2026-06-15,59,0.001368254520218662,0.0,0.001368254520218662,2.3134602382505e-05,0.001345119917836157,165135.9128472361,0.0,165135.9128472361
ETH,2026-06-16,60,0.0013914452747986394,0.0,0.0013914452747986394,2.352671428729322e-05,0.0013679185605113462,167934.82662430793,0.0,167934.82662430793
ETH,2026-06-17,61,0.0014146360293786167,0.0,0.0014146360293786167,2.391882619208144e-05,0.0013907172031865352,170733.7404013797,0.0,170733.7404013797
ETH,2026-06-18,62,0.001437826783958594,0.0,0.001437826783958594,2.431093809686966e-05,0.0014135158458617242,173532.65417845148,0.0,173532.65417845148
ETH,2026-06-19,63,0.0014610175385385714,0.0,0.0014610175385385714,2.470305000165788e-05,0.0014363144885369136,176331.56795552332,0.0,176331.56795552332
ETH,2026-06-20,64,0.0014842082931185486,0.0,0.0014842082931185486,2.50951619064461e-05,0.0014591131312121025,179130.4817325951,0.0,179130.4817325951
ETH,2026-06-21,65,0.0015073990476985259,0.0,0.0015073990476985259,2.548727381123432e-05,0.0014819117738872915,181929.39550966688,0.0,181929.39550966688
ETH,2026-06-22,66,0.0015305898022785033,0.0,0.0015305898022785033,2.587938571602254e-05,0.0015047104165624807,184728.30928673872,0.0,184728.30928673872
ETH,2026-06-23,67,0.0015537805568584806,0.0,0.0015537805568584806,2.627149762081076e-05,0.00152750905923767,187527.2230638105,0.0,187527.2230638105
ETH,2026-06-24,68,0.0015769713114384579,0.0,0.0015769713114384579,2.666360952559898e-05,0.001550307701912859,190326.13684088227,0.0,190326.13684088227
ETH,2026-06-25,69,0.0016001620660184353,0.0,0.0016001620660184353,2.70557214303872e-05,0.001573106344588048,193125.0506179541,0.0,193125.0506179541
ETH,2026-06-26,70,0.0016233528205984126,0.0,0.0016233528205984126,2.7447833335175422e-05,0.001595904987263237,195923.9643950259,0.0,195923.9643950259
ETH,2026-06-27,71,0.0016465435751783898,0.0,0.0016465435751783898,2.7839945239963642e-05,0.0016187036299384263,198722.87817209767,0.0,198722.87817209767
ETH,2026-06-28,72,0.0016697343297583673,0.0,0.0016697343297583673,2.8232057144751862e-05,0.0016415022726136155,201521.7919491695,0.0,201521.7919491695
ETH,2026-06-29,73,0.0016929250843383445,0.0,0.0016929250843383445,2.8624169049540082e-05,0.0016643009152888045,204320.70572624129,0.0,204320.70572624129
ETH,2026-06-30,74,0.0017161158389183218,0.0,0.0017161158389183218,2.9016280954328302e-05,0.0016870995579639934,207119.61950331306,0.0,207119.61950331306
ETH,2026-07-01,75,0.0017393065934982993,0.0,0.0017393065934982993,2.9408392859116522e-05,0.0017098982006391828,209918.5332803849,0.0,209918.5332803849
ETH,2026-07-02,76,0.0017624973480782765,0.0,0.0017624973480782765,2.9800504763904742e-05,0.0017326968433143718,212717.44705745668,0.0,212717.44705745668
ETH,2026-07-03,77,0.0017856881026582538,0.0,0.0017856881026582538,3.0192616668692962e-05,0.0017554954859895608,215516.36083452846,0.0,215516.36083452846
ETH,2026-07-04,78,0.0018088788572382312,0.0,0.0018088788572382312,3.0584728573481186e-05,0.00177829412866475,218315.2746116003,0.0,218315.2746116003
ETH,2026-07-05,79,0.0018320696118182085,0.0,0.0018320696118182085,3.097684047826941e-05,0.001801092771339939,221114.18838867208,0.0,221114.18838867208
ETH,2026-07-06,80,0.0018552603663981857,0.0,0.0018552603663981857,3.136895238305763e-05,0.0018238914140151282,223913.10216574385,0.0,223913.10216574385
ETH,2026-07-07,81,0.0018784511209781632,0.0,0.0018784511209781632,3.1761064287845856e-05,0.0018466900566903174,226712.0159428157,0.0,226712.0159428157
ETH,2026-07-08,82,0.0019016418755581405,0.0,0.0019016418755581405,3.215317619263408e-05,0.0018694886993655064,229510.92971988747,0.0,229510.92971988747
ETH,2026-07-09,83,0.0019248326301381177,0.0,0.0019248326301381177,3.25452880974223e-05,0.0018922873420406953,232309.84349695925,0.0,232309.84349695925
ETH,2026-07-10,84,0.0019480233847180952,0.0,0.0019480233847180952,3.2937400002210526e-05,0.0019150859847158848,235108.7572740311,0.0,235108.7572740311
ETH,2026-07-11,85,0.0019712141392980724,0.0,0.0019712141392980724,3.332951190699875e-05,0.0019378846273910737,237907.67105110287,0.0,237907.67105110287
ETH,2026-07-12,86,0.0019944048938780497,0.0,0.0019944048938780497,3.372162381178697e-05,0.0019606832700662627,240706.58482817464,0.0,240706.58482817464
ETH,2026-07-13,87,0.002017595648458027,0.0,0.002017595648458027,3.41137357165752e-05,0.001983481912741452,243505.49860524645,0.0,243505.49860524645
ETH,2026-07-14,88,0.002040786403038004,0.0,0.002040786403038004,3.450584762136342e-05,0.0020062805554166407,246304.41238231823,0.0,246304.41238231823
ETH,2026-07-15,89,0.002063977157617982,0.0,0.002063977157617982,3.4897959526151644e-05,0.0020290791980918303,249103.32615939007,0.0,249103.32615939007
ETH,2026-07-16,90,0.002087167912197959,0.0,0.002087167912197959,3.529007143093987e-05,0.002051877840767019,251902.23993646188,0.0,251902.23993646188
SOL,2026-04-17,0,0.0,0.0,0.0,0.0,0.0,0.0,0.0,0.0
SOL,2026-04-18,1,0.00013690267854994548,0.0,0.00013690267854994548,1.255728082614977e-06,0.0001356469504673305,78754.79891539515,0.0,78754.79891539515
SOL,2026-04-19,2,0.00027380535709989096,0.0,0.00027380535709989096,2.511456165229954e-06,0.000271293900934661,157509.5978307903,0.0,157509.5978307903
SOL,2026-04-20,3,0.00041070803564983646,0.0,0.00041070803564983646,3.767184247844931e-06,0.00040694085140199156,236264.39674618546,0.0,236264.39674618546
SOL,2026-04-21,4,0.0005476107141997819,0.0,0.0005476107141997819,5.022912330459908e-06,0.000542587801869322,315019.1956615806,0.0,315019.1956615806
SOL,2026-04-22,5,0.0006845133927497274,0.0,0.0006845133927497274,6.278640413074885e-06,0.0006782347523366525,393773.9945769757,0.0,393773.9945769757
SOL,2026-04-23,6,0.0008214160712996729,0.0,0.0008214160712996729,7.534368495689862e-06,0.0008138817028039831,472528.7934923709,0.0,472528.7934923709
SOL,2026-04-24,7,0.0009583187498496184,0.0,0.0009583187498496184,8.790096578304838e-06,0.0009495286532713135,551283.592407766,0.0,551283.592407766
SOL,2026-04-25,8,0.0010952214283995638,0.0,0.0010952214283995638,1.0045824660919816e-05,0.001085175603738644,630038.3913231612,0.0,630038.3913231612
SOL,2026-04-26,9,0.0012321241069495094,0.0,0.0012321241069495094,1.1301552743534793e-05,0.0012208225542059746,708793.1902385564,0.0,708793.1902385564
SOL,2026-04-27,10,0.0013690267854994547,0.0,0.0013690267854994547,1.2557280826149771e-05,0.001356469504673305,787547.9891539514,0.0,787547.9891539514
SOL,2026-04-28,11,0.0015059294640494003,0.0,0.0015059294640494003,1.3813008908764749e-05,0.0014921164551406356,866302.7880693466,0.0,866302.7880693466
SOL,2026-04-29,12,0.0016428321425993458,0.0,0.0016428321425993458,1.5068736991379727e-05,0.0016277634056079662,945057.5869847419,0.0,945057.5869847419
SOL,2026-04-30,13,0.0017797348211492912,0.0,0.0017797348211492912,1.6324465073994705e-05,0.0017634103560752964,1023812.3859001369,0.0,1023812.3859001369
SOL,2026-05-01,14,0.0019166374996992367,0.0,0.0019166374996992367,1.7580193156609682e-05,0.001899057306542627,1102567.184815532,0.0,1102567.184815532
SOL,2026-05-02,15,0.0020535401782491823,0.0,0.0020535401782491823,1.883592123922466e-05,0.0020347042570099576,1181321.9837309273,0.0,1181321.9837309273
SOL,2026-05-03,16,0.0021904428567991277,0.0,0.0021904428567991277,2.0091649321839638e-05,0.002170351207477288,1260076.7826463224,0.0,1260076.7826463224
SOL,2026-05-04,17,0.002327345535349073,0.0,0.002327345535349073,2.1347377404454616e-05,0.0023059981579446184,1338831.5815617174,0.0,1338831.5815617174
SOL,2026-05-05,18,0.0024642482138990188,0.0,0.0024642482138990188,2.2603105487069594e-05,0.0024416451084119492,1417586.3804771127,0.0,1417586.3804771127
SOL,2026-05-06,19,0.002601150892448964,0.0,0.002601150892448964,2.385883356968457e-05,0.0025772920588792796,1496341.1793925078,0.0,1496341.1793925078
SOL,2026-05-07,20,0.0027380535709989095,0.0,0.0027380535709989095,2.511456165229955e-05,0.00271293900934661,1575095.9783079028,0.0,1575095.9783079028
SOL,2026-05-08,21,0.0028749562495488552,0.0,0.0028749562495488552,2.6370289734914527e-05,0.002848585959813941,1653850.777223298,0.0,1653850.777223298
SOL,2026-05-09,22,0.0030118589280988006,0.0,0.0030118589280988006,2.7626017817529505e-05,0.0029842329102812712,1732605.5761386931,0.0,1732605.5761386931
SOL,2026-05-10,23,0.003148761606648746,0.0,0.003148761606648746,2.8881745900144483e-05,0.0031198798607486016,1811360.3750540884,0.0,1811360.3750540884
SOL,2026-05-11,24,0.0032856642851986917,0.0,0.0032856642851986917,3.013747398275946e-05,0.0032555268112159324,1890115.1739694837,0.0,1890115.1739694837
SOL,2026-05-12,25,0.003422566963748637,0.0,0.003422566963748637,3.139320206537444e-05,0.0033911737616832624,1968869.9728848787,0.0,1968869.9728848787
SOL,2026-05-13,26,0.0035594696422985824,0.0,0.0035594696422985824,3.2648930147989416e-05,0.003526820712150593,2047624.7718002738,0.0,2047624.7718002738
SOL,2026-05-14,27,0.0036963723208485277,0.0,0.0036963723208485277,3.3904658230604394e-05,0.003662467662617923,2126379.5707156686,0.0,2126379.5707156686
SOL,2026-05-15,28,0.0038332749993984735,0.0,0.0038332749993984735,3.516038631321937e-05,0.003798114613085254,2205134.369631064,0.0,2205134.369631064
SOL,2026-05-16,29,0.003970177677948419,0.0,0.003970177677948419,3.641611439583435e-05,0.003933761563552585,2283889.168546459,0.0,2283889.168546459
SOL,2026-05-17,30,0.004107080356498365,0.0,0.004107080356498365,3.767184247844933e-05,0.004069408514019915,2362643.9674618547,0.0,2362643.9674618547
SOL,2026-05-18,31,0.0042439830350483095,0.0,0.0042439830350483095,3.8927570561064305e-05,0.004205055464487246,2441398.7663772493,0.0,2441398.7663772493
SOL,2026-05-19,32,0.004380885713598255,0.0,0.004380885713598255,4.018329864367928e-05,0.004340702414954576,2520153.565292645,0.0,2520153.565292645
SOL,2026-05-20,33,0.004517788392148201,0.0,0.004517788392148201,4.143902672629426e-05,0.004476349365421906,2598908.36420804,0.0,2598908.36420804
SOL,2026-05-21,34,0.004654691070698146,0.0,0.004654691070698146,4.269475480890924e-05,0.004611996315889237,2677663.163123435,0.0,2677663.163123435
SOL,2026-05-22,35,0.004791593749248092,0.0,0.004791593749248092,4.3950482891524216e-05,0.004747643266356567,2756417.96203883,0.0,2756417.96203883
SOL,2026-05-23,36,0.0049284964277980375,0.0,0.0049284964277980375,4.5206210974139194e-05,0.0048832902168238984,2835172.7609542254,0.0,2835172.7609542254
SOL,2026-05-24,37,0.0050653991063479824,0.0,0.0050653991063479824,4.646193905675417e-05,0.005018937167291228,2913927.5598696205,0.0,2913927.5598696205
SOL,2026-05-25,38,0.005202301784897928,0.0,0.005202301784897928,4.771766713936915e-05,0.005154584117758559,2992682.3587850155,0.0,2992682.3587850155
SOL,2026-05-26,39,0.005339204463447874,0.0,0.005339204463447874,4.897339522198413e-05,0.00529023106822589,3071437.157700411,0.0,3071437.157700411
SOL,2026-05-27,40,0.005476107141997819,0.0,0.005476107141997819,5.0229123304599105e-05,0.00542587801869322,3150191.9566158056,0.0,3150191.9566158056
SOL,2026-05-28,41,0.005613009820547765,0.0,0.005613009820547765,5.148485138721408e-05,0.00556152496916055,3228946.755531201,0.0,3228946.755531201
SOL,2026-05-29,42,0.0057499124990977105,0.0,0.0057499124990977105,5.274057946982906e-05,0.005697171919627882,3307701.554446596,0.0,3307701.554446596
SOL,2026-05-30,43,0.005886815177647655,0.0,0.005886815177647655,5.399630755244404e-05,0.005832818870095211,3386456.3533619912,0.0,3386456.3533619912
SOL,2026-05-31,44,0.006023717856197601,0.0,0.006023717856197601,5.5252035635059017e-05,0.0059684658205625424,3465211.1522773863,0.0,3465211.1522773863
SOL,2026-06-01,45,0.006160620534747547,0.0,0.006160620534747547,5.6507763717673994e-05,0.006104112771029873,3543965.951192782,0.0,3543965.951192782
SOL,2026-06-02,46,0.006297523213297492,0.0,0.006297523213297492,5.776349180028897e-05,0.006239759721497203,3622720.750108177,0.0,3622720.750108177
SOL,2026-06-03,47,0.006434425891847438,0.0,0.006434425891847438,5.901921988290395e-05,0.006375406671964534,3701475.549023572,0.0,3701475.549023572
SOL,2026-06-04,48,0.006571328570397383,0.0,0.006571328570397383,6.027494796551893e-05,0.006511053622431865,3780230.3479389674,0.0,3780230.3479389674
SOL,2026-06-05,49,0.006708231248947328,0.0,0.006708231248947328,6.15306760481339e-05,0.006646700572899194,3858985.146854362,0.0,3858985.146854362
SOL,2026-06-06,50,0.006845133927497274,0.0,0.006845133927497274,6.278640413074888e-05,0.006782347523366525,3937739.9457697575,0.0,3937739.9457697575
SOL,2026-06-07,51,0.006982036606047219,0.0,0.006982036606047219,6.404213221336385e-05,0.006917994473833855,4016494.744685152,0.0,4016494.744685152
SOL,2026-06-08,52,0.007118939284597165,0.0,0.007118939284597165,6.529786029597883e-05,0.007053641424301186,4095249.5436005476,0.0,4095249.5436005476
SOL,2026-06-09,53,0.0072558419631471105,0.0,0.0072558419631471105,6.655358837859381e-05,0.007189288374768517,4174004.3425159426,0.0,4174004.3425159426
SOL,2026-06-10,54,0.0073927446416970554,0.0,0.0073927446416970554,6.780931646120879e-05,0.007324935325235846,4252759.141431337,0.0,4252759.141431337
SOL,2026-06-11,55,0.007529647320247001,0.0,0.007529647320247001,6.906504454382377e-05,0.007460582275703178,4331513.940346733,0.0,4331513.940346733
SOL,2026-06-12,56,0.007666549998796947,0.0,0.007666549998796947,7.032077262643874e-05,0.007596229226170508,4410268.739262128,0.0,4410268.739262128
SOL,2026-06-13,57,0.007803452677346892,0.0,0.007803452677346892,7.157650070905372e-05,0.007731876176637838,4489023.538177523,0.0,4489023.538177523
SOL,2026-06-14,58,0.007940355355896838,0.0,0.007940355355896838,7.28322287916687e-05,0.00786752312710517,4567778.337092918,0.0,4567778.337092918
SOL,2026-06-15,59,0.008077258034446783,0.0,0.008077258034446783,7.408795687428368e-05,0.0080031700775725,4646533.136008313,0.0,4646533.136008313
SOL,2026-06-16,60,0.00821416071299673,0.0,0.00821416071299673,7.534368495689865e-05,0.00813881702803983,4725287.934923709,0.0,4725287.934923709
SOL,2026-06-17,61,0.008351063391546674,0.0,0.008351063391546674,7.659941303951363e-05,0.00827446397850716,4804042.733839104,0.0,4804042.733839104
SOL,2026-06-18,62,0.008487966070096619,0.0,0.008487966070096619,7.785514112212861e-05,0.008410110928974491,4882797.5327544985,0.0,4882797.5327544985
SOL,2026-06-19,63,0.008624868748646566,0.0,0.008624868748646566,7.911086920474359e-05,0.008545757879441822,4961552.331669895,0.0,4961552.331669895
SOL,2026-06-20,64,0.00876177142719651,0.0,0.00876177142719651,8.036659728735857e-05,0.008681404829909152,5040307.13058529,0.0,5040307.13058529
SOL,2026-06-21,65,0.008898674105746456,0.0,0.008898674105746456,8.162232536997354e-05,0.008817051780376482,5119061.929500684,0.0,5119061.929500684
SOL,2026-06-22,66,0.009035576784296402,0.0,0.009035576784296402,8.287805345258852e-05,0.008952698730843813,5197816.72841608,0.0,5197816.72841608
SOL,2026-06-23,67,0.009172479462846347,0.0,0.009172479462846347,8.41337815352035e-05,0.009088345681311144,5276571.527331475,0.0,5276571.527331475
SOL,2026-06-24,68,0.009309382141396292,0.0,0.009309382141396292,8.538950961781848e-05,0.009223992631778474,5355326.32624687,0.0,5355326.32624687
SOL,2026-06-25,69,0.009446284819946239,0.0,0.009446284819946239,8.664523770043345e-05,0.009359639582245805,5434081.125162265,0.0,5434081.125162265
SOL,2026-06-26,70,0.009583187498496184,0.0,0.009583187498496184,8.790096578304843e-05,0.009495286532713134,5512835.92407766,0.0,5512835.92407766
SOL,2026-06-27,71,0.009720090177046128,0.0,0.009720090177046128,8.915669386566341e-05,0.009630933483180466,5591590.722993055,0.0,5591590.722993055
SOL,2026-06-28,72,0.009856992855596075,0.0,0.009856992855596075,9.041242194827839e-05,0.009766580433647797,5670345.521908451,0.0,5670345.521908451
SOL,2026-06-29,73,0.00999389553414602,0.0,0.00999389553414602,9.166815003089337e-05,0.009902227384115126,5749100.320823845,0.0,5749100.320823845
SOL,2026-06-30,74,0.010130798212695965,0.0,0.010130798212695965,9.292387811350834e-05,0.010037874334582456,5827855.119739241,0.0,5827855.119739241
SOL,2026-07-01,75,0.010267700891245912,0.0,0.010267700891245912,9.417960619612332e-05,0.010173521285049789,5906609.9186546365,0.0,5906609.9186546365
SOL,2026-07-02,76,0.010404603569795856,0.0,0.010404603569795856,9.54353342787383e-05,0.010309168235517118,5985364.717570031,0.0,5985364.717570031
SOL,2026-07-03,77,0.010541506248345801,0.0,0.010541506248345801,9.669106236135328e-05,0.010444815185984448,6064119.516485426,0.0,6064119.516485426
SOL,2026-07-04,78,0.010678408926895748,0.0,0.010678408926895748,9.794679044396826e-05,0.01058046213645178,6142874.315400822,0.0,6142874.315400822
SOL,2026-07-05,79,0.010815311605445693,0.0,0.010815311605445693,9.920251852658323e-05,0.01071610908691911,6221629.114316217,0.0,6221629.114316217
SOL,2026-07-06,80,0.010952214283995638,0.0,0.010952214283995638,0.00010045824660919821,0.01085175603738644,6300383.913231611,0.0,6300383.913231611
SOL,2026-07-07,81,0.011089116962545584,0.0,0.011089116962545584,0.00010171397469181319,0.010987402987853771,6379138.712147008,0.0,6379138.712147008
SOL,2026-07-08,82,0.01122601964109553,0.0,0.01122601964109553,0.00010296970277442817,0.0111230499383211,6457893.511062402,0.0,6457893.511062402
SOL,2026-07-09,83,0.011362922319645474,0.0,0.011362922319645474,0.00010422543085704314,0.01125869688878843,6536648.309977797,0.0,6536648.309977797
SOL,2026-07-10,84,0.011499824998195421,0.0,0.011499824998195421,0.00010548115893965812,0.011394343839255763,6615403.108893192,0.0,6615403.108893192
SOL,2026-07-11,85,0.011636727676745366,0.0,0.011636727676745366,0.0001067368870222731,0.011529990789723093,6694157.907808588,0.0,6694157.907808588
SOL,2026-07-12,86,0.01177363035529531,0.0,0.01177363035529531,0.00010799261510488808,0.011665637740190422,6772912.7067239825,0.0,6772912.7067239825
SOL,2026-07-13,87,0.011910533033845257,0.0,0.011910533033845257,0.00010924834318750306,0.011801284690657754,6851667.505639378,0.0,6851667.505639378
SOL,2026-07-14,88,0.012047435712395202,0.0,0.012047435712395202,0.00011050407127011803,0.011936931641125085,6930422.304554773,0.0,6930422.304554773
SOL,2026-07-15,89,0.012184338390945147,0.0,0.012184338390945147,0.00011175979935273301,0.012072578591592414,7009177.103470168,0.0,7009177.103470168
SOL,2026-07-16,90,0.012321241069495094,0.0,0.012321241069495094,0.00011301552743534799,0.012208225542059746,7087931.902385564,0.0,7087931.902385564
AAVE,2026-04-17,0,0.0,0.0,0.0,0.0,0.0,0.0,0.0,0.0
AAVE,2026-04-18,1,0.0,0.0,0.0,0.0,0.0,0.0,0.0,0.0
AAVE,2026-04-19,2,0.0,0.0,0.0,0.0,0.0,0.0,0.0,0.0
AAVE,2026-04-20,3,0.0,0.0,0.0,0.0,0.0,0.0,0.0,0.0
AAVE,2026-04-21,4,0.0,0.0,0.0,0.0,0.0,0.0,0.0,0.0
AAVE,2026-04-22,5,0.0,0.0,0.0,0.0,0.0,0.0,0.0,0.0
AAVE,2026-04-23,6,0.0,0.0,0.0,0.0,0.0,0.0,0.0,0.0
AAVE,2026-04-24,7,0.0,0.0,0.0,0.0,0.0,0.0,0.0,0.0
AAVE,2026-04-25,8,0.0,0.0,0.0,0.0,0.0,0.0,0.0,0.0
AAVE,2026-04-26,9,0.0,0.0,0.0,0.0,0.0,0.0,0.0,0.0
AAVE,2026-04-27,10,0.0,0.0,0.0,0.0,0.0,0.0,0.0,0.0
AAVE,2026-04-28,11,0.0,0.0,0.0,0.0,0.0,0.0,0.0,0.0
AAVE,2026-04-29,12,0.0,0.0,0.0,0.0,0.0,0.0,0.0,0.0
AAVE,2026-04-30,13,0.0,0.0,0.0,0.0,0.0,0.0,0.0,0.0
AAVE,2026-05-01,14,0.0,0.0,0.0,0.0,0.0,0.0,0.0,0.0
AAVE,2026-05-02,15,0.0,0.0,0.0,0.0,0.0,0.0,0.0,0.0
AAVE,2026-05-03,16,0.0,0.0,0.0,0.0,0.0,0.0,0.0,0.0
AAVE,2026-05-04,17,0.0,0.0,0.0,0.0,0.0,0.0,0.0,0.0
AAVE,2026-05-05,18,0.0,0.0,0.0,0.0,0.0,0.0,0.0,0.0
AAVE,2026-05-06,19,0.0,0.0,0.0,0.0,0.0,0.0,0.0,0.0
AAVE,2026-05-07,20,0.0,0.0,0.0,0.0,0.0,0.0,0.0,0.0
AAVE,2026-05-08,21,0.0,0.0,0.0,0.0,0.0,0.0,0.0,0.0
AAVE,2026-05-09,22,0.0,0.0,0.0,0.0,0.0,0.0,0.0,0.0
AAVE,2026-05-10,23,0.0,0.0,0.0,0.0,0.0,0.0,0.0,0.0
AAVE,2026-05-11,24,0.0,0.0,0.0,0.0,0.0,0.0,0.0,0.0
AAVE,2026-05-12,25,0.0,0.0,0.0,0.0,0.0,0.0,0.0,0.0
AAVE,2026-05-13,26,0.0,0.0,0.0,0.0,0.0,0.0,0.0,0.0
AAVE,2026-05-14,27,0.0,0.0,0.0,0.0,0.0,0.0,0.0,0.0
AAVE,2026-05-15,28,0.0,0.0,0.0,0.0,0.0,0.0,0.0,0.0
AAVE,2026-05-16,29,0.0,0.0,0.0,0.0,0.0,0.0,0.0,0.0
AAVE,2026-05-17,30,0.0,0.0,0.0,0.004703091536758872,-0.004703091536758872,0.0,0.0,0.0
AAVE,2026-05-18,31,0.0,0.0,0.0,0.004703091536758872,-0.004703091536758872,0.0,0.0,0.0
AAVE,2026-05-19,32,0.0,0.0,0.0,0.004703091536758872,-0.004703091536758872,0.0,0.0,0.0
AAVE,2026-05-20,33,0.0,0.0,0.0,0.004703091536758872,-0.004703091536758872,0.0,0.0,0.0
AAVE,2026-05-21,34,0.0,0.0,0.0,0.004703091536758872,-0.004703091536758872,0.0,0.0,0.0
AAVE,2026-05-22,35,0.0,0.0,0.0,0.004703091536758872,-0.004703091536758872,0.0,0.0,0.0
AAVE,2026-05-23,36,0.0,0.0,0.0,0.004703091536758872,-0.004703091536758872,0.0,0.0,0.0
AAVE,2026-05-24,37,0.0,0.0,0.0,0.004703091536758872,-0.004703091536758872,0.0,0.0,0.0
AAVE,2026-05-25,38,0.0,0.0,0.0,0.004703091536758872,-0.004703091536758872,0.0,0.0,0.0
AAVE,2026-05-26,39,0.0,0.0,0.0,0.004703091536758872,-0.004703091536758872,0.0,0.0,0.0
AAVE,2026-05-27,40,0.0,0.0,0.0,0.004703091536758872,-0.004703091536758872,0.0,0.0,0.0
AAVE,2026-05-28,41,0.0,0.0,0.0,0.004703091536758872,-0.004703091536758872,0.0,0.0,0.0
AAVE,2026-05-29,42,0.0,0.0,0.0,0.004703091536758872,-0.004703091536758872,0.0,0.0,0.0
AAVE,2026-05-30,43,0.0,0.0,0.0,0.004703091536758872,-0.004703091536758872,0.0,0.0,0.0
AAVE,2026-05-31,44,0.0,0.0,0.0,0.004703091536758872,-0.004703091536758872,0.0,0.0,0.0
AAVE,2026-06-01,45,0.0,0.0,0.0,0.004703091536758872,-0.004703091536758872,0.0,0.0,0.0
AAVE,2026-06-02,46,0.0,0.0,0.0,0.004703091536758872,-0.004703091536758872,0.0,0.0,0.0
AAVE,2026-06-03,47,0.0,0.0,0.0,0.004703091536758872,-0.004703091536758872,0.0,0.0,0.0
AAVE,2026-06-04,48,0.0,0.0,0.0,0.004703091536758872,-0.004703091536758872,0.0,0.0,0.0
AAVE,2026-06-05,49,0.0,0.0,0.0,0.004703091536758872,-0.004703091536758872,0.0,0.0,0.0
AAVE,2026-06-06,50,0.0,0.0,0.0,0.004703091536758872,-0.004703091536758872,0.0,0.0,0.0
AAVE,2026-06-07,51,0.0,0.0,0.0,0.004703091536758872,-0.004703091536758872,0.0,0.0,0.0
AAVE,2026-06-08,52,0.0,0.0,0.0,0.004703091536758872,-0.004703091536758872,0.0,0.0,0.0
AAVE,2026-06-09,53,0.0,0.0,0.0,0.004703091536758872,-0.004703091536758872,0.0,0.0,0.0
AAVE,2026-06-10,54,0.0,0.0,0.0,0.004703091536758872,-0.004703091536758872,0.0,0.0,0.0
AAVE,2026-06-11,55,0.0,0.0,0.0,0.004703091536758872,-0.004703091536758872,0.0,0.0,0.0
AAVE,2026-06-12,56,0.0,0.0,0.0,0.004703091536758872,-0.004703091536758872,0.0,0.0,0.0
AAVE,2026-06-13,57,0.0,0.0,0.0,0.004703091536758872,-0.004703091536758872,0.0,0.0,0.0
AAVE,2026-06-14,58,0.0,0.0,0.0,0.004703091536758872,-0.004703091536758872,0.0,0.0,0.0
AAVE,2026-06-15,59,0.0,0.0,0.0,0.004703091536758872,-0.004703091536758872,0.0,0.0,0.0
AAVE,2026-06-16,60,0.0,0.0,0.0,0.009406183073517744,-0.009406183073517744,0.0,0.0,0.0
AAVE,2026-06-17,61,0.0,0.0,0.0,0.009406183073517744,-0.009406183073517744,0.0,0.0,0.0
AAVE,2026-06-18,62,0.0,0.0,0.0,0.009406183073517744,-0.009406183073517744,0.0,0.0,0.0
AAVE,2026-06-19,63,0.0,0.0,0.0,0.009406183073517744,-0.009406183073517744,0.0,0.0,0.0
AAVE,2026-06-20,64,0.0,0.0,0.0,0.009406183073517744,-0.009406183073517744,0.0,0.0,0.0
AAVE,2026-06-21,65,0.0,0.0,0.0,0.009406183073517744,-0.009406183073517744,0.0,0.0,0.0
AAVE,2026-06-22,66,0.0,0.0,0.0,0.009406183073517744,-0.009406183073517744,0.0,0.0,0.0
AAVE,2026-06-23,67,0.0,0.0,0.0,0.009406183073517744,-0.009406183073517744,0.0,0.0,0.0
AAVE,2026-06-24,68,0.0,0.0,0.0,0.009406183073517744,-0.009406183073517744,0.0,0.0,0.0
AAVE,2026-06-25,69,0.0,0.0,0.0,0.009406183073517744,-0.009406183073517744,0.0,0.0,0.0
AAVE,2026-06-26,70,0.0,0.0,0.0,0.009406183073517744,-0.009406183073517744,0.0,0.0,0.0
AAVE,2026-06-27,71,0.0,0.0,0.0,0.009406183073517744,-0.009406183073517744,0.0,0.0,0.0
AAVE,2026-06-28,72,0.0,0.0,0.0,0.009406183073517744,-0.009406183073517744,0.0,0.0,0.0
AAVE,2026-06-29,73,0.0,0.0,0.0,0.009406183073517744,-0.009406183073517744,0.0,0.0,0.0
AAVE,2026-06-30,74,0.0,0.0,0.0,0.009406183073517744,-0.009406183073517744,0.0,0.0,0.0
AAVE,2026-07-01,75,0.0,0.0,0.0,0.009406183073517744,-0.009406183073517744,0.0,0.0,0.0
AAVE,2026-07-02,76,0.0,0.0,0.0,0.009406183073517744,-0.009406183073517744,0.0,0.0,0.0
AAVE,2026-07-03,77,0.0,0.0,0.0,0.009406183073517744,-0.009406183073517744,0.0,0.0,0.0
AAVE,2026-07-04,78,0.0,0.0,0.0,0.009406183073517744,-0.009406183073517744,0.0,0.0,0.0
AAVE,2026-07-05,79,0.0,0.0,0.0,0.009406183073517744,-0.009406183073517744,0.0,0.0,0.0
AAVE,2026-07-06,80,0.0,0.0,0.0,0.009406183073517744,-0.009406183073517744,0.0,0.0,0.0
AAVE,2026-07-07,81,0.0,0.0,0.0,0.009406183073517744,-0.009406183073517744,0.0,0.0,0.0
AAVE,2026-07-08,82,0.0,0.0,0.0,0.009406183073517744,-0.009406183073517744,0.0,0.0,0.0
AAVE,2026-07-09,83,0.0,0.0,0.0,0.009406183073517744,-0.009406183073517744,0.0,0.0,0.0
AAVE,2026-07-10,84,0.0,0.0,0.0,0.009406183073517744,-0.009406183073517744,0.0,0.0,0.0
AAVE,2026-07-11,85,0.0,0.0,0.0,0.009406183073517744,-0.009406183073517744,0.0,0.0,0.0
AAVE,2026-07-12,86,0.0,0.0,0.0,0.009406183073517744,-0.009406183073517744,0.0,0.0,0.0
AAVE,2026-07-13,87,0.0,0.0,0.0,0.009406183073517744,-0.009406183073517744,0.0,0.0,0.0
AAVE,2026-07-14,88,0.0,0.0,0.0,0.009406183073517744,-0.009406183073517744,0.0,0.0,0.0
AAVE,2026-07-15,89,0.0,0.0,0.0,0.009406183073517744,-0.009406183073517744,0.0,0.0,0.0
AAVE,2026-07-16,90,0.0,0.0,0.0,0.014109274610276615,-0.014109274610276615,0.0,0.0,0.0
UNI,2026-04-17,0,0.0,0.0,0.0,0.0,0.0,0.0,0.0,0.0
UNI,2026-04-18,1,0.0,0.0,0.0,5.260486444657898e-05,-5.260486444657898e-05,0.0,0.0,0.0
UNI,2026-04-19,2,0.0,0.0,0.0,0.00010520972889315796,-0.00010520972889315796,0.0,0.0,0.0
UNI,2026-04-20,3,0.0,0.0,0.0,0.00015781459333973695,-0.00015781459333973695,0.0,0.0,0.0
UNI,2026-04-21,4,0.0,0.0,0.0,0.00021041945778631593,-0.00021041945778631593,0.0,0.0,0.0
UNI,2026-04-22,5,0.0,0.0,0.0,0.00026302432223289493,-0.00026302432223289493,0.0,0.0,0.0
UNI,2026-04-23,6,0.0,0.0,0.0,0.0003156291866794739,-0.0003156291866794739,0.0,0.0,0.0
UNI,2026-04-24,7,0.0,0.0,0.0,0.0003682340511260529,-0.0003682340511260529,0.0,0.0,0.0
UNI,2026-04-25,8,0.0,0.0,0.0,0.00042083891557263185,-0.00042083891557263185,0.0,0.0,0.0
UNI,2026-04-26,9,0.0,0.0,0.0,0.00047344378001921083,-0.00047344378001921083,0.0,0.0,0.0
UNI,2026-04-27,10,0.0,0.0,0.0,0.0005260486444657899,-0.0005260486444657899,0.0,0.0,0.0
UNI,2026-04-28,11,0.0,0.0,0.0,0.0005786535089123689,-0.0005786535089123689,0.0,0.0,0.0
UNI,2026-04-29,12,0.0,0.0,0.0,0.0006312583733589479,-0.0006312583733589479,0.0,0.0,0.0
UNI,2026-04-30,13,0.0,0.0,0.0,0.000683863237805527,-0.000683863237805527,0.0,0.0,0.0
UNI,2026-05-01,14,0.0,0.0,0.0,0.000736468102252106,-0.000736468102252106,0.0,0.0,0.0
UNI,2026-05-02,15,0.0,0.0,0.0,0.000789072966698685,-0.000789072966698685,0.0,0.0,0.0
UNI,2026-05-03,16,0.0,0.0,0.0,0.000841677831145264,-0.000841677831145264,0.0,0.0,0.0
UNI,2026-05-04,17,0.0,0.0,0.0,0.0008942826955918431,-0.0008942826955918431,0.0,0.0,0.0
UNI,2026-05-05,18,0.0,0.0,0.0,0.0009468875600384221,-0.0009468875600384221,0.0,0.0,0.0
UNI,2026-05-06,19,0.0,0.0,0.0,0.000999492424485001,-0.000999492424485001,0.0,0.0,0.0
UNI,2026-05-07,20,0.0,0.0,0.0,0.00105209728893158,-0.00105209728893158,0.0,0.0,0.0
UNI,2026-05-08,21,0.0,0.0,0.0,0.0011047021533781589,-0.0011047021533781589,0.0,0.0,0.0
UNI,2026-05-09,22,0.0,0.0,0.0,0.0011573070178247378,-0.0011573070178247378,0.0,0.0,0.0
UNI,2026-05-10,23,0.0,0.0,0.0,0.0012099118822713167,-0.0012099118822713167,0.0,0.0,0.0
UNI,2026-05-11,24,0.0,0.0,0.0,0.0012625167467178956,-0.0012625167467178956,0.0,0.0,0.0
UNI,2026-05-12,25,0.0,0.0,0.0,0.0013151216111644745,-0.0013151216111644745,0.0,0.0,0.0
UNI,2026-05-13,26,0.0,0.0,0.0,0.0013677264756110535,-0.0013677264756110535,0.0,0.0,0.0
UNI,2026-05-14,27,0.0,0.0,0.0,0.0014203313400576324,-0.0014203313400576324,0.0,0.0,0.0
UNI,2026-05-15,28,0.0,0.0,0.0,0.0014729362045042113,-0.0014729362045042113,0.0,0.0,0.0
UNI,2026-05-16,29,0.0,0.0,0.0,0.0015255410689507902,-0.0015255410689507902,0.0,0.0,0.0
UNI,2026-05-17,30,0.0,0.0,0.0,0.0015781459333973691,-0.0015781459333973691,0.0,0.0,0.0
UNI,2026-05-18,31,0.0,0.0,0.0,0.001630750797843948,-0.001630750797843948,0.0,0.0,0.0
UNI,2026-05-19,32,0.0,0.0,0.0,0.001683355662290527,-0.001683355662290527,0.0,0.0,0.0
UNI,2026-05-20,33,0.0,0.0,0.0,0.001735960526737106,-0.001735960526737106,0.0,0.0,0.0
UNI,2026-05-21,34,0.0,0.0,0.0,0.0017885653911836848,-0.0017885653911836848,0.0,0.0,0.0
UNI,2026-05-22,35,0.0,0.0,0.0,0.0018411702556302637,-0.0018411702556302637,0.0,0.0,0.0
UNI,2026-05-23,36,0.0,0.0,0.0,0.0018937751200768427,-0.0018937751200768427,0.0,0.0,0.0
UNI,2026-05-24,37,0.0,0.0,0.0,0.0019463799845234216,-0.0019463799845234216,0.0,0.0,0.0
UNI,2026-05-25,38,0.0,0.0,0.0,0.0019989848489700007,-0.0019989848489700007,0.0,0.0,0.0
UNI,2026-05-26,39,0.0,0.0,0.0,0.0020515897134165796,-0.0020515897134165796,0.0,0.0,0.0
UNI,2026-05-27,40,0.0,0.0,0.0,0.0021041945778631586,-0.0021041945778631586,0.0,0.0,0.0
UNI,2026-05-28,41,0.0,0.0,0.0,0.0021567994423097375,-0.0021567994423097375,0.0,0.0,0.0
UNI,2026-05-29,42,0.0,0.0,0.0,0.0022094043067563164,-0.0022094043067563164,0.0,0.0,0.0
UNI,2026-05-30,43,0.0,0.0,0.0,0.0022620091712028953,-0.0022620091712028953,0.0,0.0,0.0
UNI,2026-05-31,44,0.0,0.0,0.0,0.0023146140356494743,-0.0023146140356494743,0.0,0.0,0.0
UNI,2026-06-01,45,0.0,0.0,0.0,0.002367218900096053,-0.002367218900096053,0.0,0.0,0.0
UNI,2026-06-02,46,0.0,0.0,0.0,0.002419823764542632,-0.002419823764542632,0.0,0.0,0.0
UNI,2026-06-03,47,0.0,0.0,0.0,0.002472428628989211,-0.002472428628989211,0.0,0.0,0.0
UNI,2026-06-04,48,0.0,0.0,0.0,0.00252503349343579,-0.00252503349343579,0.0,0.0,0.0
UNI,2026-06-05,49,0.0,0.0,0.0,0.002577638357882369,-0.002577638357882369,0.0,0.0,0.0
UNI,2026-06-06,50,0.0,0.0,0.0,0.0026302432223289478,-0.0026302432223289478,0.0,0.0,0.0
UNI,2026-06-07,51,0.0,0.0,0.0,0.0026828480867755267,-0.0026828480867755267,0.0,0.0,0.0
UNI,2026-06-08,52,0.0,0.0,0.0,0.0027354529512221056,-0.0027354529512221056,0.0,0.0,0.0
UNI,2026-06-09,53,0.0,0.0,0.0,0.0027880578156686845,-0.0027880578156686845,0.0,0.0,0.0
UNI,2026-06-10,54,0.0,0.0,0.0,0.0028406626801152635,-0.0028406626801152635,0.0,0.0,0.0
UNI,2026-06-11,55,0.0,0.0,0.0,0.0028932675445618424,-0.0028932675445618424,0.0,0.0,0.0
UNI,2026-06-12,56,0.0,0.0,0.0,0.0029458724090084213,-0.0029458724090084213,0.0,0.0,0.0
UNI,2026-06-13,57,0.0,0.0,0.0,0.0029984772734550002,-0.0029984772734550002,0.0,0.0,0.0
UNI,2026-06-14,58,0.0,0.0,0.0,0.003051082137901579,-0.003051082137901579,0.0,0.0,0.0
UNI,2026-06-15,59,0.0,0.0,0.0,0.003103687002348158,-0.003103687002348158,0.0,0.0,0.0
UNI,2026-06-16,60,0.0,0.0,0.0,0.003156291866794737,-0.003156291866794737,0.0,0.0,0.0
UNI,2026-06-17,61,0.0,0.0,0.0,0.003208896731241316,-0.003208896731241316,0.0,0.0,0.0
UNI,2026-06-18,62,0.0,0.0,0.0,0.003261501595687895,-0.003261501595687895,0.0,0.0,0.0
UNI,2026-06-19,63,0.0,0.0,0.0,0.0033141064601344737,-0.0033141064601344737,0.0,0.0,0.0
UNI,2026-06-20,64,0.0,0.0,0.0,0.0033667113245810527,-0.0033667113245810527,0.0,0.0,0.0
UNI,2026-06-21,65,0.0,0.0,0.0,0.0034193161890276316,-0.0034193161890276316,0.0,0.0,0.0
UNI,2026-06-22,66,0.0,0.0,0.0,0.0034719210534742105,-0.0034719210534742105,0.0,0.0,0.0
UNI,2026-06-23,67,0.0,0.0,0.0,0.0035245259179207894,-0.0035245259179207894,0.0,0.0,0.0
UNI,2026-06-24,68,0.0,0.0,0.0,0.0035771307823673684,-0.0035771307823673684,0.0,0.0,0.0
UNI,2026-06-25,69,0.0,0.0,0.0,0.0036297356468139473,-0.0036297356468139473,0.0,0.0,0.0
UNI,2026-06-26,70,0.0,0.0,0.0,0.003682340511260526,-0.003682340511260526,0.0,0.0,0.0
UNI,2026-06-27,71,0.0,0.0,0.0,0.003734945375707105,-0.003734945375707105,0.0,0.0,0.0
UNI,2026-06-28,72,0.0,0.0,0.0,0.003787550240153684,-0.003787550240153684,0.0,0.0,0.0
UNI,2026-06-29,73,0.0,0.0,0.0,0.003840155104600263,-0.003840155104600263,0.0,0.0,0.0
UNI,2026-06-30,74,0.0,0.0,0.0,0.003892759969046842,-0.003892759969046842,0.0,0.0,0.0
UNI,2026-07-01,75,0.0,0.007891892393035789,0.007891892393035789,0.003945364833493421,0.003946527559542368,0.0,5000000.0,5000000.0
UNI,2026-07-02,76,0.0,0.007891892393035789,0.007891892393035789,0.00399796969794,0.0038939226950957893,0.0,5000000.0,5000000.0
UNI,2026-07-03,77,0.0,0.007891892393035789,0.007891892393035789,0.004050574562386579,0.0038413178306492103,0.0,5000000.0,5000000.0
UNI,2026-07-04,78,0.0,0.007891892393035789,0.007891892393035789,0.0041031794268331576,0.0037887129662026314,0.0,5000000.0,5000000.0
UNI,2026-07-05,79,0.0,0.007891892393035789,0.007891892393035789,0.0041557842912797365,0.0037361081017560525,0.0,5000000.0,5000000.0
UNI,2026-07-06,80,0.0,0.007891892393035789,0.007891892393035789,0.004208389155726315,0.0036835032373094736,0.0,5000000.0,5000000.0
UNI,2026-07-07,81,0.0,0.007891892393035789,0.007891892393035789,0.004260994020172894,0.0036308983728628947,0.0,5000000.0,5000000.0
UNI,2026-07-08,82,0.0,0.007891892393035789,0.007891892393035789,0.004313598884619473,0.0035782935084163157,0.0,5000000.0,5000000.0
UNI,2026-07-09,83,0.0,0.007891892393035789,0.007891892393035789,0.004366203749066052,0.003525688643969737,0.0,5000000.0,5000000.0
UNI,2026-07-10,84,0.0,0.007891892393035789,0.007891892393035789,0.004418808613512631,0.003473083779523158,0.0,5000000.0,5000000.0
UNI,2026-07-11,85,0.0,0.007891892393035789,0.007891892393035789,0.00447141347795921,0.003420478915076579,0.0,5000000.0,5000000.0
UNI,2026-07-12,86,0.0,0.007891892393035789,0.007891892393035789,0.004524018342405789,0.00336787405063,0.0,5000000.0,5000000.0
UNI,2026-07-13,87,0.0,0.007891892393035789,0.007891892393035789,0.004576623206852368,0.003315269186183421,0.0,5000000.0,5000000.0
UNI,2026-07-14,88,0.0,0.007891892393035789,0.007891892393035789,0.004629228071298947,0.0032626643217368422,0.0,5000000.0,5000000.0
UNI,2026-07-15,89,0.0,0.007891892393035789,0.007891892393035789,0.004681832935745526,0.0032100594572902633,0.0,5000000.0,5000000.0
UNI,2026-07-16,90,0.0,0.007891892393035789,0.007891892393035789,0.004734437800192105,0.0031574545928436844,0.0,5000000.0,5000000.0
LDO,2026-04-17,0,0.0,0.0,0.0,0.0,0.0,0.0,0.0,0.0
LDO,2026-04-18,1,0.0,0.0,0.0,,,0.0,0.0,0.0
LDO,2026-04-19,2,0.0,0.0,0.0,,,0.0,0.0,0.0
LDO,2026-04-20,3,0.0,0.0,0.0,,,0.0,0.0,0.0
LDO,2026-04-21,4,0.0,0.0,0.0,,,0.0,0.0,0.0
LDO,2026-04-22,5,0.0,0.0,0.0,,,0.0,0.0,0.0
LDO,2026-04-23,6,0.0,0.0,0.0,,,0.0,0.0,0.0
LDO,2026-04-24,7,0.0,0.0,0.0,,,0.0,0.0,0.0
LDO,2026-04-25,8,0.0,0.0,0.0,,,0.0,0.0,0.0
LDO,2026-04-26,9,0.0,0.0,0.0,,,0.0,0.0,0.0
LDO,2026-04-27,10,0.0,0.0,0.0,,,0.0,0.0,0.0
LDO,2026-04-28,11,0.0,0.0,0.0,,,0.0,0.0,0.0
LDO,2026-04-29,12,0.0,0.0,0.0,,,0.0,0.0,0.0
LDO,2026-04-30,13,0.0,0.0,0.0,,,0.0,0.0,0.0
LDO,2026-05-01,14,0.0,0.0,0.0,,,0.0,0.0,0.0
LDO,2026-05-02,15,0.0,0.0,0.0,,,0.0,0.0,0.0
LDO,2026-05-03,16,0.0,0.0,0.0,,,0.0,0.0,0.0
LDO,2026-05-04,17,0.0,0.0,0.0,,,0.0,0.0,0.0
LDO,2026-05-05,18,0.0,0.0,0.0,,,0.0,0.0,0.0
LDO,2026-05-06,19,0.0,0.0,0.0,,,0.0,0.0,0.0
LDO,2026-05-07,20,0.0,0.0,0.0,,,0.0,0.0,0.0
LDO,2026-05-08,21,0.0,0.0,0.0,,,0.0,0.0,0.0
LDO,2026-05-09,22,0.0,0.0,0.0,,,0.0,0.0,0.0
LDO,2026-05-10,23,0.0,0.0,0.0,,,0.0,0.0,0.0
LDO,2026-05-11,24,0.0,0.0,0.0,,,0.0,0.0,0.0
LDO,2026-05-12,25,0.0,0.0,0.0,,,0.0,0.0,0.0
LDO,2026-05-13,26,0.0,0.0,0.0,,,0.0,0.0,0.0
LDO,2026-05-14,27,0.0,0.0,0.0,,,0.0,0.0,0.0
LDO,2026-05-15,28,0.0,0.0,0.0,,,0.0,0.0,0.0
LDO,2026-05-16,29,0.0,0.0,0.0,,,0.0,0.0,0.0
LDO,2026-05-17,30,0.0,0.0,0.0,,,0.0,0.0,0.0
LDO,2026-05-18,31,0.0,0.0,0.0,,,0.0,0.0,0.0
LDO,2026-05-19,32,0.0,0.0,0.0,,,0.0,0.0,0.0
LDO,2026-05-20,33,0.0,0.0,0.0,,,0.0,0.0,0.0
LDO,2026-05-21,34,0.0,0.0,0.0,,,0.0,0.0,0.0
LDO,2026-05-22,35,0.0,0.0,0.0,,,0.0,0.0,0.0
LDO,2026-05-23,36,0.0,0.0,0.0,,,0.0,0.0,0.0
LDO,2026-05-24,37,0.0,0.0,0.0,,,0.0,0.0,0.0
LDO,2026-05-25,38,0.0,0.0,0.0,,,0.0,0.0,0.0
LDO,2026-05-26,39,0.0,0.0,0.0,,,0.0,0.0,0.0
LDO,2026-05-27,40,0.0,0.0,0.0,,,0.0,0.0,0.0
LDO,2026-05-28,41,0.0,0.0,0.0,,,0.0,0.0,0.0
LDO,2026-05-29,42,0.0,0.0,0.0,,,0.0,0.0,0.0
LDO,2026-05-30,43,0.0,0.0,0.0,,,0.0,0.0,0.0
LDO,2026-05-31,44,0.0,0.0,0.0,,,0.0,0.0,0.0
LDO,2026-06-01,45,0.0,0.0,0.0,,,0.0,0.0,0.0
LDO,2026-06-02,46,0.0,0.0,0.0,,,0.0,0.0,0.0
LDO,2026-06-03,47,0.0,0.0,0.0,,,0.0,0.0,0.0
LDO,2026-06-04,48,0.0,0.0,0.0,,,0.0,0.0,0.0
LDO,2026-06-05,49,0.0,0.0,0.0,,,0.0,0.0,0.0
LDO,2026-06-06,50,0.0,0.0,0.0,,,0.0,0.0,0.0
LDO,2026-06-07,51,0.0,0.0,0.0,,,0.0,0.0,0.0
LDO,2026-06-08,52,0.0,0.0,0.0,,,0.0,0.0,0.0
LDO,2026-06-09,53,0.0,0.0,0.0,,,0.0,0.0,0.0
LDO,2026-06-10,54,0.0,0.0,0.0,,,0.0,0.0,0.0
LDO,2026-06-11,55,0.0,0.0,0.0,,,0.0,0.0,0.0
LDO,2026-06-12,56,0.0,0.0,0.0,,,0.0,0.0,0.0
LDO,2026-06-13,57,0.0,0.0,0.0,,,0.0,0.0,0.0
LDO,2026-06-14,58,0.0,0.0,0.0,,,0.0,0.0,0.0
LDO,2026-06-15,59,0.0,0.0,0.0,,,0.0,0.0,0.0
LDO,2026-06-16,60,0.0,0.0,0.0,,,0.0,0.0,0.0
LDO,2026-06-17,61,0.0,0.0,0.0,,,0.0,0.0,0.0
LDO,2026-06-18,62,0.0,0.0,0.0,,,0.0,0.0,0.0
LDO,2026-06-19,63,0.0,0.0,0.0,,,0.0,0.0,0.0
LDO,2026-06-20,64,0.0,0.0,0.0,,,0.0,0.0,0.0
LDO,2026-06-21,65,0.0,0.0,0.0,,,0.0,0.0,0.0
LDO,2026-06-22,66,0.0,0.0,0.0,,,0.0,0.0,0.0
LDO,2026-06-23,67,0.0,0.0,0.0,,,0.0,0.0,0.0
LDO,2026-06-24,68,0.0,0.0,0.0,,,0.0,0.0,0.0
LDO,2026-06-25,69,0.0,0.0,0.0,,,0.0,0.0,0.0
LDO,2026-06-26,70,0.0,0.0,0.0,,,0.0,0.0,0.0
LDO,2026-06-27,71,0.0,0.0,0.0,,,0.0,0.0,0.0
LDO,2026-06-28,72,0.0,0.0,0.0,,,0.0,0.0,0.0
LDO,2026-06-29,73,0.0,0.0,0.0,,,0.0,0.0,0.0
LDO,2026-06-30,74,0.0,0.0,0.0,,,0.0,0.0,0.0
LDO,2026-07-01,75,0.0,0.0,0.0,,,0.0,0.0,0.0
LDO,2026-07-02,76,0.0,0.0,0.0,,,0.0,0.0,0.0
LDO,2026-07-03,77,0.0,0.0,0.0,,,0.0,0.0,0.0
LDO,2026-07-04,78,0.0,0.0,0.0,,,0.0,0.0,0.0
LDO,2026-07-05,79,0.0,0.0,0.0,,,0.0,0.0,0.0
LDO,2026-07-06,80,0.0,0.0,0.0,,,0.0,0.0,0.0
LDO,2026-07-07,81,0.0,0.0,0.0,,,0.0,0.0,0.0
LDO,2026-07-08,82,0.0,0.0,0.0,,,0.0,0.0,0.0
LDO,2026-07-09,83,0.0,0.0,0.0,,,0.0,0.0,0.0
LDO,2026-07-10,84,0.0,0.0,0.0,,,0.0,0.0,0.0
LDO,2026-07-11,85,0.0,0.0,0.0,,,0.0,0.0,0.0
LDO,2026-07-12,86,0.0,0.0,0.0,,,0.0,0.0,0.0
LDO,2026-07-13,87,0.0,0.0,0.0,,,0.0,0.0,0.0
LDO,2026-07-14,88,0.0,0.0,0.0,,,0.0,0.0,0.0
LDO,2026-07-15,89,0.0,0.0,0.0,,,0.0,0.0,0.0
LDO,2026-07-16,90,0.0,0.0,0.0,,,0.0,0.0,0.0
CRV,2026-04-17,0,0.0,0.0,0.0,0.0,0.0,0.0,0.0,0.0
CRV,2026-04-18,1,0.00013753424657534248,0.0,0.00013753424657534248,,,206164.92571287672,0.0,206164.92571287672
CRV,2026-04-19,2,0.00027506849315068495,0.0,0.00027506849315068495,,,412329.85142575344,0.0,412329.85142575344
CRV,2026-04-20,3,0.0004126027397260274,0.0,0.0004126027397260274,,,618494.7771386302,0.0,618494.7771386302
CRV,2026-04-21,4,0.0005501369863013699,0.0,0.0005501369863013699,,,824659.7028515069,0.0,824659.7028515069
CRV,2026-04-22,5,0.0006876712328767124,0.0,0.0006876712328767124,,,1030824.6285643837,0.0,1030824.6285643837
CRV,2026-04-23,6,0.0008252054794520549,0.0,0.0008252054794520549,,,1236989.5542772603,0.0,1236989.5542772603
CRV,2026-04-24,7,0.0009627397260273973,0.0,0.0009627397260273973,,,1443154.479990137,0.0,1443154.479990137
CRV,2026-04-25,8,0.0011002739726027398,0.0,0.0011002739726027398,,,1649319.4057030138,0.0,1649319.4057030138
CRV,2026-04-26,9,0.0012378082191780823,0.0,0.0012378082191780823,,,1855484.3314158907,0.0,1855484.3314158907
CRV,2026-04-27,10,0.0013753424657534249,0.0,0.0013753424657534249,,,2061649.2571287674,0.0,2061649.2571287674
CRV,2026-04-28,11,0.0015128767123287672,0.0,0.0015128767123287672,,,2267814.1828416437,0.0,2267814.1828416437
CRV,2026-04-29,12,0.0016504109589041097,0.0,0.0016504109589041097,,,2473979.1085545206,0.0,2473979.1085545206
CRV,2026-04-30,13,0.0017879452054794522,0.0,0.0017879452054794522,,,2680144.0342673976,0.0,2680144.0342673976
CRV,2026-05-01,14,0.0019254794520547945,0.0,0.0019254794520547945,,,2886308.959980274,0.0,2886308.959980274
CRV,2026-05-02,15,0.002063013698630137,0.0,0.002063013698630137,,,3092473.885693151,0.0,3092473.885693151
CRV,2026-05-03,16,0.0022005479452054796,0.0,0.0022005479452054796,,,3298638.8114060275,0.0,3298638.8114060275
CRV,2026-05-04,17,0.002338082191780822,0.0,0.002338082191780822,,,3504803.7371189045,0.0,3504803.7371189045
CRV,2026-05-05,18,0.0024756164383561647,0.0,0.0024756164383561647,,,3710968.6628317814,0.0,3710968.6628317814
CRV,2026-05-06,19,0.002613150684931507,0.0,0.002613150684931507,,,3917133.588544658,0.0,3917133.588544658
CRV,2026-05-07,20,0.0027506849315068497,0.0,0.0027506849315068497,,,4123298.514257535,0.0,4123298.514257535
CRV,2026-05-08,21,0.002888219178082192,0.0,0.002888219178082192,,,4329463.439970411,0.0,4329463.439970411
CRV,2026-05-09,22,0.0030257534246575343,0.0,0.0030257534246575343,,,4535628.365683287,0.0,4535628.365683287
CRV,2026-05-10,23,0.003163287671232877,0.0,0.003163287671232877,,,4741793.291396164,0.0,4741793.291396164
CRV,2026-05-11,24,0.0033008219178082194,0.0,0.0033008219178082194,,,4947958.217109041,0.0,4947958.217109041
CRV,2026-05-12,25,0.003438356164383562,0.0,0.003438356164383562,,,5154123.142821918,0.0,5154123.142821918
CRV,2026-05-13,26,0.0035758904109589045,0.0,0.0035758904109589045,,,5360288.068534795,0.0,5360288.068534795
CRV,2026-05-14,27,0.003713424657534247,0.0,0.003713424657534247,,,5566452.994247672,0.0,5566452.994247672
CRV,2026-05-15,28,0.003850958904109589,0.0,0.003850958904109589,,,5772617.919960548,0.0,5772617.919960548
CRV,2026-05-16,29,0.003988493150684932,0.0,0.003988493150684932,,,5978782.845673425,0.0,5978782.845673425
CRV,2026-05-17,30,0.004126027397260274,0.0,0.004126027397260274,,,6184947.771386302,0.0,6184947.771386302
CRV,2026-05-18,31,0.004263561643835617,0.0,0.004263561643835617,,,6391112.697099178,0.0,6391112.697099178
CRV,2026-05-19,32,0.004401095890410959,0.0,0.004401095890410959,,,6597277.622812055,0.0,6597277.622812055
CRV,2026-05-20,33,0.004538630136986302,0.0,0.004538630136986302,,,6803442.548524932,0.0,6803442.548524932
CRV,2026-05-21,34,0.004676164383561644,0.0,0.004676164383561644,,,7009607.474237809,0.0,7009607.474237809
CRV,2026-05-22,35,0.004813698630136987,0.0,0.004813698630136987,,,7215772.399950686,0.0,7215772.399950686
CRV,2026-05-23,36,0.004951232876712329,0.0,0.004951232876712329,,,7421937.325663563,0.0,7421937.325663563
CRV,2026-05-24,37,0.005088767123287672,0.0,0.005088767123287672,,,7628102.251376439,0.0,7628102.251376439
CRV,2026-05-25,38,0.005226301369863014,0.0,0.005226301369863014,,,7834267.177089316,0.0,7834267.177089316
CRV,2026-05-26,39,0.005363835616438357,0.0,0.005363835616438357,,,8040432.102802193,0.0,8040432.102802193
CRV,2026-05-27,40,0.0055013698630136994,0.0,0.0055013698630136994,,,8246597.02851507,0.0,8246597.02851507
CRV,2026-05-28,41,0.005638904109589041,0.0,0.005638904109589041,,,8452761.954227945,0.0,8452761.954227945
CRV,2026-05-29,42,0.005776438356164384,0.0,0.005776438356164384,,,8658926.879940823,0.0,8658926.879940823
CRV,2026-05-30,43,0.005913972602739726,0.0,0.005913972602739726,,,8865091.805653699,0.0,8865091.805653699
CRV,2026-05-31,44,0.006051506849315069,0.0,0.006051506849315069,,,9071256.731366575,0.0,9071256.731366575
CRV,2026-06-01,45,0.006189041095890411,0.0,0.006189041095890411,,,9277421.657079453,0.0,9277421.657079453
CRV,2026-06-02,46,0.006326575342465754,0.0,0.006326575342465754,,,9483586.582792329,0.0,9483586.582792329
CRV,2026-06-03,47,0.006464109589041096,0.0,0.006464109589041096,,,9689751.508505207,0.0,9689751.508505207
CRV,2026-06-04,48,0.006601643835616439,0.0,0.006601643835616439,,,9895916.434218083,0.0,9895916.434218083
CRV,2026-06-05,49,0.006739178082191781,0.0,0.006739178082191781,,,10102081.35993096,0.0,10102081.35993096
CRV,2026-06-06,50,0.006876712328767124,0.0,0.006876712328767124,,,10308246.285643836,0.0,10308246.285643836
CRV,2026-06-07,51,0.007014246575342466,0.0,0.007014246575342466,,,10514411.211356713,0.0,10514411.211356713
CRV,2026-06-08,52,0.007151780821917809,0.0,0.007151780821917809,,,10720576.13706959,0.0,10720576.13706959
CRV,2026-06-09,53,0.0072893150684931515,0.0,0.0072893150684931515,,,10926741.062782466,0.0,10926741.062782466
CRV,2026-06-10,54,0.007426849315068494,0.0,0.007426849315068494,,,11132905.988495344,0.0,11132905.988495344
CRV,2026-06-11,55,0.0075643835616438365,0.0,0.0075643835616438365,,,11339070.91420822,0.0,11339070.91420822
CRV,2026-06-12,56,0.007701917808219178,0.0,0.007701917808219178,,,11545235.839921096,0.0,11545235.839921096
CRV,2026-06-13,57,0.007839452054794522,0.0,0.007839452054794522,,,11751400.765633974,0.0,11751400.765633974
CRV,2026-06-14,58,0.007976986301369863,0.0,0.007976986301369863,,,11957565.69134685,0.0,11957565.69134685
CRV,2026-06-15,59,0.008114520547945207,0.0,0.008114520547945207,,,12163730.617059728,0.0,12163730.617059728
CRV,2026-06-16,60,0.008252054794520548,0.0,0.008252054794520548,,,12369895.542772604,0.0,12369895.542772604
CRV,2026-06-17,61,0.008389589041095892,0.0,0.008389589041095892,,,12576060.468485482,0.0,12576060.468485482
CRV,2026-06-18,62,0.008527123287671233,0.0,0.008527123287671233,,,12782225.394198356,0.0,12782225.394198356
CRV,2026-06-19,63,0.008664657534246577,0.0,0.008664657534246577,,,12988390.319911234,0.0,12988390.319911234
CRV,2026-06-20,64,0.008802191780821918,0.0,0.008802191780821918,,,13194555.24562411,0.0,13194555.24562411
CRV,2026-06-21,65,0.00893972602739726,0.0,0.00893972602739726,,,13400720.171336986,0.0,13400720.171336986
CRV,2026-06-22,66,0.009077260273972603,0.0,0.009077260273972603,,,13606885.097049864,0.0,13606885.097049864
CRV,2026-06-23,67,0.009214794520547945,0.0,0.009214794520547945,,,13813050.02276274,0.0,13813050.02276274
CRV,2026-06-24,68,0.009352328767123289,0.0,0.009352328767123289,,,14019214.948475618,0.0,14019214.948475618
CRV,2026-06-25,69,0.00948986301369863,0.0,0.00948986301369863,,,14225379.874188494,0.0,14225379.874188494
CRV,2026-06-26,70,0.009627397260273974,0.0,0.009627397260273974,,,14431544.799901372,0.0,14431544.799901372
CRV,2026-06-27,71,0.009764931506849315,0.0,0.009764931506849315,,,14637709.725614246,0.0,14637709.725614246
CRV,2026-06-28,72,0.009902465753424659,0.0,0.009902465753424659,,,14843874.651327126,0.0,14843874.651327126
CRV,2026-06-29,73,0.01004,0.0,0.01004,,,15050039.57704,0.0,15050039.57704
CRV,2026-06-30,74,0.010177534246575344,0.0,0.010177534246575344,,,15256204.502752878,0.0,15256204.502752878
CRV,2026-07-01,75,0.010315068493150685,0.0,0.010315068493150685,,,15462369.428465754,0.0,15462369.428465754
CRV,2026-07-02,76,0.010452602739726029,0.0,0.010452602739726029,,,15668534.354178632,0.0,15668534.354178632
CRV,2026-07-03,77,0.01059013698630137,0.0,0.01059013698630137,,,15874699.279891508,0.0,15874699.279891508
CRV,2026-07-04,78,0.010727671232876714,0.0,0.010727671232876714,,,16080864.205604386,0.0,16080864.205604386
CRV,2026-07-05,79,0.010865205479452055,0.0,0.010865205479452055,,,16287029.131317262,0.0,16287029.131317262
CRV,2026-07-06,80,0.011002739726027399,0.0,0.011002739726027399,,,16493194.05703014,0.0,16493194.05703014
CRV,2026-07-07,81,0.01114027397260274,0.0,0.01114027397260274,,,16699358.982743016,0.0,16699358.982743016
CRV,2026-07-08,82,0.011277808219178082,0.0,0.011277808219178082,,,16905523.90845589,0.0,16905523.90845589
CRV,2026-07-09,83,0.011415342465753426,0.0,0.011415342465753426,,,17111688.83416877,0.0,17111688.83416877
CRV,2026-07-10,84,0.011552876712328767,0.0,0.011552876712328767,,,17317853.759881645,0.0,17317853.759881645
CRV,2026-07-11,85,0.01169041095890411,0.0,0.01169041095890411,,,17524018.68559452,0.0,17524018.68559452
CRV,2026-07-12,86,0.011827945205479452,0.0,0.011827945205479452,,,17730183.611307397,0.0,17730183.611307397
CRV,2026-07-13,87,0.011965479452054796,0.0,0.011965479452054796,,,17936348.537020277,0.0,17936348.537020277
CRV,2026-07-14,88,0.012103013698630137,0.0,0.012103013698630137,,,18142513.46273315,0.0,18142513.46273315
CRV,2026-07-15,89,0.01224054794520548,0.0,0.01224054794520548,,,18348678.38844603,0.0,18348678.38844603
CRV,2026-07-16,90,0.012378082191780822,0.0,0.012378082191780822,,,18554843.314158905,0.0,18554843.314158905
OP,2026-04-17,0,0.0,0.0,0.0,0.0,0.0,0.0,0.0,0.0
OP,2026-04-18,1,0.0,0.0,0.0,,,0.0,0.0,0.0
OP,2026-04-19,2,0.0,0.0,0.0,,,0.0,0.0,0.0
OP,2026-04-20,3,0.0,0.0,0.0,,,0.0,0.0,0.0
OP,2026-04-21,4,0.0,0.0,0.0,,,0.0,0.0,0.0
OP,2026-04-22,5,0.0,0.0,0.0,,,0.0,0.0,0.0
OP,2026-04-23,6,0.0,0.0,0.0,,,0.0,0.0,0.0
OP,2026-04-24,7,0.0,0.0,0.0,,,0.0,0.0,0.0
OP,2026-04-25,8,0.0,0.0,0.0,,,0.0,0.0,0.0
OP,2026-04-26,9,0.0,0.0,0.0,,,0.0,0.0,0.0
OP,2026-04-27,10,0.0,0.0,0.0,,,0.0,0.0,0.0
OP,2026-04-28,11,0.0,0.0,0.0,,,0.0,0.0,0.0
OP,2026-04-29,12,0.0,0.0,0.0,,,0.0,0.0,0.0
OP,2026-04-30,13,0.0,0.014669115215657383,0.014669115215657383,,,0.0,31340000.0,31340000.0
OP,2026-05-01,14,0.0,0.014669115215657383,0.014669115215657383,,,0.0,31340000.0,31340000.0
OP,2026-05-02,15,0.0,0.014669115215657383,0.014669115215657383,,,0.0,31340000.0,31340000.0
OP,2026-05-03,16,0.0,0.014669115215657383,0.014669115215657383,,,0.0,31340000.0,31340000.0
OP,2026-05-04,17,0.0,0.014669115215657383,0.014669115215657383,,,0.0,31340000.0,31340000.0
OP,2026-05-05,18,0.0,0.014669115215657383,0.014669115215657383,,,0.0,31340000.0,31340000.0
OP,2026-05-06,19,0.0,0.014669115215657383,0.014669115215657383,,,0.0,31340000.0,31340000.0
OP,2026-05-07,20,0.0,0.014669115215657383,0.014669115215657383,,,0.0,31340000.0,31340000.0
OP,2026-05-08,21,0.0,0.014669115215657383,0.014669115215657383,,,0.0,31340000.0,31340000.0
OP,2026-05-09,22,0.0,0.014669115215657383,0.014669115215657383,,,0.0,31340000.0,31340000.0
OP,2026-05-10,23,0.0,0.014669115215657383,0.014669115215657383,,,0.0,31340000.0,31340000.0
OP,2026-05-11,24,0.0,0.014669115215657383,0.014669115215657383,,,0.0,31340000.0,31340000.0
OP,2026-05-12,25,0.0,0.014669115215657383,0.014669115215657383,,,0.0,31340000.0,31340000.0
OP,2026-05-13,26,0.0,0.014669115215657383,0.014669115215657383,,,0.0,31340000.0,31340000.0
OP,2026-05-14,27,0.0,0.014669115215657383,0.014669115215657383,,,0.0,31340000.0,31340000.0
OP,2026-05-15,28,0.0,0.014669115215657383,0.014669115215657383,,,0.0,31340000.0,31340000.0
OP,2026-05-16,29,0.0,0.014669115215657383,0.014669115215657383,,,0.0,31340000.0,31340000.0
OP,2026-05-17,30,0.0,0.014669115215657383,0.014669115215657383,,,0.0,31340000.0,31340000.0
OP,2026-05-18,31,0.0,0.014669115215657383,0.014669115215657383,,,0.0,31340000.0,31340000.0
OP,2026-05-19,32,0.0,0.014669115215657383,0.014669115215657383,,,0.0,31340000.0,31340000.0
OP,2026-05-20,33,0.0,0.014669115215657383,0.014669115215657383,,,0.0,31340000.0,31340000.0
OP,2026-05-21,34,0.0,0.014669115215657383,0.014669115215657383,,,0.0,31340000.0,31340000.0
OP,2026-05-22,35,0.0,0.014669115215657383,0.014669115215657383,,,0.0,31340000.0,31340000.0
OP,2026-05-23,36,0.0,0.014669115215657383,0.014669115215657383,,,0.0,31340000.0,31340000.0
OP,2026-05-24,37,0.0,0.014669115215657383,0.014669115215657383,,,0.0,31340000.0,31340000.0
OP,2026-05-25,38,0.0,0.014669115215657383,0.014669115215657383,,,0.0,31340000.0,31340000.0
OP,2026-05-26,39,0.0,0.014669115215657383,0.014669115215657383,,,0.0,31340000.0,31340000.0
OP,2026-05-27,40,0.0,0.014669115215657383,0.014669115215657383,,,0.0,31340000.0,31340000.0
OP,2026-05-28,41,0.0,0.014669115215657383,0.014669115215657383,,,0.0,31340000.0,31340000.0
OP,2026-05-29,42,0.0,0.014669115215657383,0.014669115215657383,,,0.0,31340000.0,31340000.0
OP,2026-05-30,43,0.0,0.014669115215657383,0.014669115215657383,,,0.0,31340000.0,31340000.0
OP,2026-05-31,44,0.0,0.029338230431314765,0.029338230431314765,,,0.0,62680000.0,62680000.0
OP,2026-06-01,45,0.0,0.029338230431314765,0.029338230431314765,,,0.0,62680000.0,62680000.0
OP,2026-06-02,46,0.0,0.029338230431314765,0.029338230431314765,,,0.0,62680000.0,62680000.0
OP,2026-06-03,47,0.0,0.029338230431314765,0.029338230431314765,,,0.0,62680000.0,62680000.0
OP,2026-06-04,48,0.0,0.029338230431314765,0.029338230431314765,,,0.0,62680000.0,62680000.0
OP,2026-06-05,49,0.0,0.029338230431314765,0.029338230431314765,,,0.0,62680000.0,62680000.0
OP,2026-06-06,50,0.0,0.029338230431314765,0.029338230431314765,,,0.0,62680000.0,62680000.0
OP,2026-06-07,51,0.0,0.029338230431314765,0.029338230431314765,,,0.0,62680000.0,62680000.0
OP,2026-06-08,52,0.0,0.029338230431314765,0.029338230431314765,,,0.0,62680000.0,62680000.0
OP,2026-06-09,53,0.0,0.029338230431314765,0.029338230431314765,,,0.0,62680000.0,62680000.0
OP,2026-06-10,54,0.0,0.029338230431314765,0.029338230431314765,,,0.0,62680000.0,62680000.0
OP,2026-06-11,55,0.0,0.029338230431314765,0.029338230431314765,,,0.0,62680000.0,62680000.0
OP,2026-06-12,56,0.0,0.029338230431314765,0.029338230431314765,,,0.0,62680000.0,62680000.0
OP,2026-06-13,57,0.0,0.029338230431314765,0.029338230431314765,,,0.0,62680000.0,62680000.0
OP,2026-06-14,58,0.0,0.029338230431314765,0.029338230431314765,,,0.0,62680000.0,62680000.0
OP,2026-06-15,59,0.0,0.029338230431314765,0.029338230431314765,,,0.0,62680000.0,62680000.0
OP,2026-06-16,60,0.0,0.029338230431314765,0.029338230431314765,,,0.0,62680000.0,62680000.0
OP,2026-06-17,61,0.0,0.029338230431314765,0.029338230431314765,,,0.0,62680000.0,62680000.0
OP,2026-06-18,62,0.0,0.029338230431314765,0.029338230431314765,,,0.0,62680000.0,62680000.0
OP,2026-06-19,63,0.0,0.029338230431314765,0.029338230431314765,,,0.0,62680000.0,62680000.0
OP,2026-06-20,64,0.0,0.029338230431314765,0.029338230431314765,,,0.0,62680000.0,62680000.0
OP,2026-06-21,65,0.0,0.029338230431314765,0.029338230431314765,,,0.0,62680000.0,62680000.0
OP,2026-06-22,66,0.0,0.029338230431314765,0.029338230431314765,,,0.0,62680000.0,62680000.0
OP,2026-06-23,67,0.0,0.029338230431314765,0.029338230431314765,,,0.0,62680000.0,62680000.0
OP,2026-06-24,68,0.0,0.029338230431314765,0.029338230431314765,,,0.0,62680000.0,62680000.0
OP,2026-06-25,69,0.0,0.029338230431314765,0.029338230431314765,,,0.0,62680000.0,62680000.0
OP,2026-06-26,70,0.0,0.029338230431314765,0.029338230431314765,,,0.0,62680000.0,62680000.0
OP,2026-06-27,71,0.0,0.029338230431314765,0.029338230431314765,,,0.0,62680000.0,62680000.0
OP,2026-06-28,72,0.0,0.029338230431314765,0.029338230431314765,,,0.0,62680000.0,62680000.0
OP,2026-06-29,73,0.0,0.029338230431314765,0.029338230431314765,,,0.0,62680000.0,62680000.0
OP,2026-06-30,74,0.0,0.044007345646972146,0.044007345646972146,,,0.0,94020000.0,94020000.0
OP,2026-07-01,75,0.0,0.044007345646972146,0.044007345646972146,,,0.0,94020000.0,94020000.0
OP,2026-07-02,76,0.0,0.044007345646972146,0.044007345646972146,,,0.0,94020000.0,94020000.0
OP,2026-07-03,77,0.0,0.044007345646972146,0.044007345646972146,,,0.0,94020000.0,94020000.0
OP,2026-07-04,78,0.0,0.044007345646972146,0.044007345646972146,,,0.0,94020000.0,94020000.0
OP,2026-07-05,79,0.0,0.044007345646972146,0.044007345646972146,,,0.0,94020000.0,94020000.0
OP,2026-07-06,80,0.0,0.044007345646972146,0.044007345646972146,,,0.0,94020000.0,94020000.0
OP,2026-07-07,81,0.0,0.044007345646972146,0.044007345646972146,,,0.0,94020000.0,94020000.0
OP,2026-07-08,82,0.0,0.044007345646972146,0.044007345646972146,,,0.0,94020000.0,94020000.0
OP,2026-07-09,83,0.0,0.044007345646972146,0.044007345646972146,,,0.0,94020000.0,94020000.0
OP,2026-07-10,84,0.0,0.044007345646972146,0.044007345646972146,,,0.0,94020000.0,94020000.0
OP,2026-07-11,85,0.0,0.044007345646972146,0.044007345646972146,,,0.0,94020000.0,94020000.0
OP,2026-07-12,86,0.0,0.044007345646972146,0.044007345646972146,,,0.0,94020000.0,94020000.0
OP,2026-07-13,87,0.0,0.044007345646972146,0.044007345646972146,,,0.0,94020000.0,94020000.0
OP,2026-07-14,88,0.0,0.044007345646972146,0.044007345646972146,,,0.0,94020000.0,94020000.0
OP,2026-07-15,89,0.0,0.044007345646972146,0.044007345646972146,,,0.0,94020000.0,94020000.0
OP,2026-07-16,90,0.0,0.044007345646972146,0.044007345646972146,,,0.0,94020000.0,94020000.0
